postcode,income
2308,$0
3045,$0
3647,$0
3694,$0
5111,$0
5713,$0
6067,$0
6090,$0
6106,$0
6427,$0
2420,"$1,001"
3904,"$1,001"
3312,"$1,003"
3723,"$1,003"
4465,"$1,003"
4670,"$1,003"
4804,"$1,003"
5341,"$1,003"
6770,"$1,003"
3418,"$1,004"
5480,"$1,004"
7113,"$1,004"
3732,"$1,005"
4625,"$1,005"
6209,"$1,005"
5332,"$1,007"
6535,"$1,007"
3464,"$1,008"
3902,"$1,008"
2548,"$1,009"
2669,"$1,009"
2874,"$1,009"
3304,"$1,009"
3677,"$1,009"
4574,"$1,009"
6255,"$1,010"
7331,"$1,010"
2583,"$1,011"
2817,"$1,011"
3377,"$1,011"
3727,"$1,011"
3728,"$1,011"
3896,"$1,011"
2899,"$1,012"
3264,"$1,012"
5259,"$1,012"
3251,"$1,013"
4183,"$1,013"
4872,"$1,013"
5523,"$1,013"
6333,"$1,013"
3644,"$1,014"
5163,"$1,014"
6646,"$1,014"
2452,"$1,016"
2505,"$1,016"
2877,"$1,016"
3717,"$1,016"
5043,"$1,016"
5461,"$1,016"
6308,"$1,016"
846,"$1,017"
3048,"$1,017"
2550,"$1,018"
2656,"$1,018"
2703,"$1,018"
3074,"$1,018"
7301,"$1,018"
2829,"$1,019"
4885,"$1,019"
6460,"$1,020"
6606,"$1,020"
3407,"$1,021"
7275,"$1,021"
3629,"$1,022"
4552,"$1,022"
5094,"$1,022"
2792,"$1,023"
2847,"$1,023"
3500,"$1,023"
2540,"$1,024"
2643,"$1,024"
3660,"$1,024"
4370,"$1,024"
7011,"$1,024"
7175,"$1,024"
2472,"$1,025"
3596,"$1,025"
3898,"$1,025"
2672,"$1,026"
3618,"$1,026"
3875,"$1,026"
6302,"$1,026"
2646,"$1,027"
2665,"$1,027"
3419,"$1,027"
2365,"$1,028"
2647,"$1,028"
5108,"$1,028"
5331,"$1,028"
2775,"$1,029"
3959,"$1,029"
4855,"$1,029"
3487,"$1,031"
3583,"$1,031"
3832,"$1,031"
4726,"$1,031"
6466,"$1,031"
3624,"$1,032"
2471,"$1,033"
5485,"$1,033"
4215,"$1,034"
5276,"$1,034"
5290,"$1,034"
5454,"$1,035"
5482,"$1,035"
2195,"$1,036"
2484,"$1,037"
2823,"$1,037"
2307,"$1,038"
3300,"$1,038"
3561,"$1,038"
4225,"$1,039"
4850,"$1,039"
2483,"$1,040"
5333,"$1,040"
7302,"$1,040"
4426,"$1,041"
3512,"$1,042"
3594,"$1,042"
3996,"$1,042"
4704,"$1,042"
4733,"$1,042"
5719,"$1,042"
6758,"$1,042"
7030,"$1,042"
2317,"$1,043"
2867,"$1,043"
7009,"$1,044"
2666,"$1,045"
2786,"$1,045"
2791,"$1,045"
3620,"$1,045"
6348,"$1,045"
2780,"$1,046"
3572,"$1,047"
4408,"$1,047"
2354,"$1,049"
4357,"$1,049"
2710,"$1,050"
3021,"$1,050"
3271,"$1,050"
4417,"$1,050"
5168,"$1,050"
5410,"$1,050"
5655,"$1,050"
6102,"$1,050"
7211,"$1,050"
3019,"$1,051"
4860,"$1,051"
5023,"$1,051"
5602,"$1,051"
5700,"$1,051"
2329,"$1,052"
3992,"$1,052"
4382,"$1,052"
2401,"$1,053"
3234,"$1,053"
3385,"$1,053"
2715,"$1,054"
4880,"$1,054"
3250,"$1,055"
4342,"$1,055"
5261,"$1,055"
7023,"$1,055"
2454,"$1,056"
3505,"$1,056"
3461,"$1,057"
5373,"$1,057"
5552,"$1,057"
7276,"$1,057"
3400,"$1,058"
3597,"$1,058"
4478,"$1,058"
4565,"$1,058"
6324,"$1,058"
2381,"$1,059"
2506,"$1,059"
5322,"$1,059"
5483,"$1,059"
2824,"$1,060"
3555,"$1,060"
3942,"$1,060"
4569,"$1,060"
2722,"$1,061"
3319,"$1,062"
3334,"$1,062"
3599,"$1,062"
4493,"$1,062"
5471,"$1,062"
5717,"$1,062"
4852,"$1,063"
2353,"$1,064"
6502,"$1,064"
2871,"$1,065"
4710,"$1,065"
2439,"$1,066"
3588,"$1,066"
4511,"$1,066"
4859,"$1,066"
6251,"$1,066"
2256,"$1,067"
3941,"$1,067"
7307,"$1,067"
3630,"$1,068"
6244,"$1,068"
6475,"$1,068"
6490,"$1,068"
2480,"$1,069"
2486,"$1,069"
3168,"$1,069"
3494,"$1,069"
4830,"$1,069"
4871,"$1,071"
5640,"$1,071"
6511,"$1,071"
3882,"$1,073"
2311,"$1,074"
3175,"$1,074"
7255,"$1,074"
2388,"$1,075"
3374,"$1,075"
3447,"$1,075"
3739,"$1,075"
3990,"$1,075"
4412,"$1,075"
5088,"$1,075"
2444,"$1,076"
3621,"$1,076"
4820,"$1,076"
2165,"$1,077"
3409,"$1,077"
5277,"$1,077"
2630,"$1,078"
3329,"$1,078"
3496,"$1,078"
4873,"$1,078"
5633,"$1,078"
7321,"$1,078"
2785,"$1,079"
3171,"$1,079"
5680,"$1,079"
2166,"$1,080"
2660,"$1,080"
3546,"$1,080"
6370,"$1,080"
3697,"$1,081"
4354,"$1,081"
5090,"$1,081"
2324,"$1,082"
2549,"$1,082"
4678,"$1,082"
5116,"$1,082"
5606,"$1,082"
6168,"$1,082"
3711,"$1,083"
4384,"$1,083"
4610,"$1,083"
6639,"$1,083"
7183,"$1,083"
4735,"$1,084"
2386,"$1,085"
4077,"$1,085"
4626,"$1,085"
5014,"$1,085"
6525,"$1,085"
3060,"$1,086"
7249,"$1,086"
2343,"$1,087"
6465,"$1,087"
3951,"$1,088"
5121,"$1,088"
3870,"$1,089"
4427,"$1,089"
4805,"$1,090"
5173,"$1,090"
4423,"$1,091"
6429,"$1,091"
6564,"$1,091"
2632,"$1,092"
2821,"$1,092"
2852,"$1,092"
3305,"$1,092"
3314,"$1,092"
2644,"$1,093"
2736,"$1,093"
3871,"$1,093"
4025,"$1,093"
4558,"$1,093"
5000,"$1,093"
5220,"$1,093"
6041,"$1,093"
6512,"$1,093"
5451,"$1,094"
2806,"$1,095"
3744,"$1,095"
5340,"$1,095"
5603,"$1,095"
3458,"$1,096"
3722,"$1,096"
3797,"$1,097"
4884,"$1,097"
6528,"$1,097"
4310,"$1,098"
3585,"$1,099"
3673,"$1,099"
2578,"$1,100"
2622,"$1,100"
3243,"$1,100"
3289,"$1,100"
3509,"$1,100"
3522,"$1,100"
3925,"$1,100"
4311,"$1,100"
4425,"$1,100"
6240,"$1,100"
7173,"$1,100"
2663,"$1,101"
3698,"$1,101"
3381,"$1,103"
3584,"$1,103"
3700,"$1,103"
2584,"$1,104"
6436,"$1,104"
7212,"$1,104"
7259,"$1,104"
2325,"$1,105"
7330,"$1,105"
6537,"$1,106"
2262,"$1,107"
3549,"$1,107"
3550,"$1,107"
4422,"$1,107"
4491,"$1,107"
4816,"$1,107"
4828,"$1,107"
5510,"$1,107"
5642,"$1,107"
6566,"$1,107"
5008,"$1,109"
6461,"$1,109"
2711,"$1,110"
6638,"$1,110"
2326,"$1,111"
2456,"$1,111"
3865,"$1,111"
3878,"$1,111"
4508,"$1,111"
6440,"$1,111"
3075,"$1,112"
3420,"$1,112"
4406,"$1,112"
6740,"$1,112"
7109,"$1,112"
5162,"$1,113"
2535,"$1,114"
4510,"$1,114"
4812,"$1,114"
6569,"$1,114"
852,"$1,115"
6367,"$1,115"
4415,"$1,116"
5098,"$1,116"
6477,"$1,116"
6630,"$1,116"
2446,"$1,117"
3860,"$1,117"
4309,"$1,117"
5174,"$1,117"
5434,"$1,117"
3294,"$1,118"
7150,"$1,118"
2264,"$1,120"
2825,"$1,120"
3516,"$1,120"
5109,"$1,120"
6623,"$1,120"
7316,"$1,120"
2257,"$1,122"
2659,"$1,122"
5213,"$1,122"
4021,"$1,123"
5235,"$1,123"
6516,"$1,123"
2315,"$1,124"
3415,"$1,124"
4479,"$1,124"
5074,"$1,124"
6079,"$1,124"
6572,"$1,124"
845,"$1,125"
3570,"$1,125"
3590,"$1,125"
3718,"$1,125"
3719,"$1,125"
3740,"$1,125"
4020,"$1,125"
4480,"$1,125"
4881,"$1,125"
4891,"$1,125"
5236,"$1,125"
5304,"$1,125"
5311,"$1,125"
5411,"$1,125"
5572,"$1,125"
6243,"$1,125"
6363,"$1,125"
6616,"$1,125"
7174,"$1,125"
3174,"$1,127"
6210,"$1,127"
7172,"$1,127"
3020,"$1,128"
3284,"$1,128"
2716,"$1,129"
3241,"$1,129"
3364,"$1,129"
3670,"$1,129"
4486,"$1,129"
2342,"$1,130"
3266,"$1,130"
3641,"$1,130"
2445,"$1,131"
2706,"$1,131"
3953,"$1,131"
4719,"$1,131"
3835,"$1,133"
6306,"$1,133"
4806,"$1,134"
5015,"$1,134"
5042,"$1,134"
5464,"$1,134"
2845,"$1,135"
6260,"$1,135"
3943,"$1,136"
3665,"$1,137"
3946,"$1,137"
5033,"$1,137"
5415,"$1,137"
872,"$1,138"
3413,"$1,138"
4019,"$1,138"
6418,"$1,138"
3451,"$1,139"
2450,"$1,140"
2478,"$1,140"
4304,"$1,140"
4343,"$1,140"
4821,"$1,140"
3215,"$1,141"
3448,"$1,142"
3687,"$1,142"
4515,"$1,142"
5107,"$1,142"
6568,"$1,142"
7250,"$1,142"
2739,"$1,143"
3323,"$1,145"
3715,"$1,145"
2281,"$1,146"
2339,"$1,146"
2720,"$1,146"
3268,"$1,147"
2731,"$1,148"
2799,"$1,148"
3778,"$1,149"
4372,"$1,149"
5268,"$1,149"
3735,"$1,150"
6401,"$1,150"
2671,"$1,151"
5401,"$1,151"
3249,"$1,152"
4566,"$1,152"
5170,"$1,152"
5462,"$1,152"
2518,"$1,153"
4568,"$1,153"
2870,"$1,154"
3685,"$1,154"
4876,"$1,154"
2161,"$1,155"
2316,"$1,155"
6765,"$1,155"
2538,"$1,156"
3022,"$1,156"
3591,"$1,156"
6357,"$1,156"
3936,"$1,157"
4022,"$1,157"
5460,"$1,157"
2299,"$1,158"
4560,"$1,158"
2770,"$1,159"
3818,"$1,159"
3862,"$1,159"
4401,"$1,159"
5046,"$1,159"
6352,"$1,160"
2653,"$1,161"
7163,"$1,161"
2628,"$1,162"
3280,"$1,162"
4736,"$1,162"
5161,"$1,162"
6311,"$1,162"
6519,"$1,162"
4347,"$1,163"
4428,"$1,164"
2477,"$1,166"
2797,"$1,166"
3267,"$1,166"
3607,"$1,166"
4727,"$1,166"
6258,"$1,166"
6316,"$1,166"
6403,"$1,166"
6421,"$1,166"
6462,"$1,166"
6505,"$1,166"
6608,"$1,166"
3919,"$1,167"
2162,"$1,168"
3564,"$1,168"
3850,"$1,168"
4823,"$1,168"
5047,"$1,168"
4798,"$1,169"
3747,"$1,170"
5491,"$1,170"
5093,"$1,171"
5661,"$1,171"
4712,"$1,172"
5167,"$1,172"
4341,"$1,173"
4854,"$1,173"
6225,"$1,173"
7291,"$1,173"
2267,"$1,174"
2298,"$1,174"
3705,"$1,174"
3864,"$1,174"
4461,"$1,174"
5070,"$1,174"
5267,"$1,174"
4470,"$1,176"
4496,"$1,176"
2295,"$1,177"
3081,"$1,177"
5344,"$1,177"
2200,"$1,178"
3565,"$1,178"
5087,"$1,179"
2379,"$1,180"
2382,"$1,180"
2489,"$1,180"
4216,"$1,180"
4807,"$1,180"
5342,"$1,180"
6336,"$1,180"
3242,"$1,181"
5038,"$1,182"
6208,"$1,182"
4822,"$1,183"
3988,"$1,184"
5353,"$1,186"
2415,"$1,187"
4694,"$1,187"
5273,"$1,187"
5652,"$1,187"
6320,"$1,187"
6369,"$1,187"
6392,"$1,187"
6473,"$1,187"
7176,"$1,187"
4700,"$1,188"
3823,"$1,189"
5255,"$1,189"
2190,"$1,190"
4501,"$1,190"
5302,"$1,190"
5110,"$1,191"
2192,"$1,192"
7155,"$1,192"
2399,"$1,194"
5039,"$1,194"
6223,"$1,194"
2866,"$1,195"
3616,"$1,196"
3637,"$1,196"
3820,"$1,196"
4697,"$1,196"
4882,"$1,196"
2284,"$1,197"
3073,"$1,197"
3664,"$1,197"
5271,"$1,197"
4563,"$1,198"
5037,"$1,198"
3222,"$1,199"
4008,"$1,199"
6109,"$1,199"
6368,"$1,199"
7256,"$1,199"
2579,"$1,200"
3128,"$1,200"
4809,"$1,200"
7022,"$1,200"
3683,"$1,201"
4551,"$1,201"
6326,"$1,201"
2705,"$1,202"
2729,"$1,202"
2199,"$1,203"
2406,"$1,203"
3931,"$1,203"
5009,"$1,203"
6567,"$1,204"
2580,"$1,205"
4699,"$1,205"
4724,"$1,205"
3225,"$1,206"
3690,"$1,206"
4420,"$1,206"
6017,"$1,207"
2261,"$1,208"
3198,"$1,208"
3273,"$1,208"
5115,"$1,208"
5356,"$1,208"
5650,"$1,208"
6330,"$1,208"
6424,"$1,208"
6468,"$1,208"
3125,"$1,209"
6317,"$1,210"
5355,"$1,211"
6338,"$1,212"
4494,"$1,213"
6220,"$1,213"
5086,"$1,214"
5096,"$1,214"
6239,"$1,214"
7268,"$1,214"
2564,"$1,216"
6313,"$1,216"
4271,"$1,217"
7290,"$1,217"
5308,"$1,218"
5420,"$1,218"
6215,"$1,218"
6224,"$1,218"
6426,"$1,218"
6560,"$1,218"
2425,"$1,219"
2196,"$1,220"
6280,"$1,220"
6328,"$1,220"
3646,"$1,221"
5262,"$1,221"
5631,"$1,221"
2655,"$1,222"
2008,"$1,223"
3847,"$1,223"
2340,"$1,224"
2487,"$1,224"
2588,"$1,224"
2787,"$1,224"
6312,"$1,224"
2197,"$1,225"
2283,"$1,225"
5641,"$1,225"
6061,"$1,225"
2397,"$1,226"
3199,"$1,226"
3777,"$1,226"
3945,"$1,226"
7292,"$1,226"
6431,"$1,227"
7470,"$1,227"
3231,"$1,228"
3498,"$1,228"
4344,"$1,228"
5453,"$1,228"
2350,"$1,229"
2850,"$1,229"
2007,"$1,230"
6365,"$1,230"
2304,"$1,231"
3446,"$1,231"
4350,"$1,231"
6405,"$1,231"
4875,"$1,232"
5169,"$1,232"
4858,"$1,233"
6522,"$1,234"
3254,"$1,235"
5019,"$1,235"
3051,"$1,236"
3285,"$1,236"
4725,"$1,236"
2160,"$1,237"
2328,"$1,237"
3303,"$1,237"
4360,"$1,237"
5120,"$1,237"
7171,"$1,237"
3350,"$1,238"
5607,"$1,238"
2194,"$1,239"
2500,"$1,239"
2675,"$1,239"
2782,"$1,239"
5690,"$1,239"
2144,"$1,240"
3025,"$1,240"
3444,"$1,240"
3938,"$1,241"
7050,"$1,241"
6341,"$1,242"
3658,"$1,243"
4340,"$1,243"
2352,"$1,244"
3824,"$1,244"
4403,"$1,244"
4407,"$1,244"
2840,"$1,245"
4550,"$1,245"
3640,"$1,246"
2265,"$1,248"
3351,"$1,249"
5114,"$1,252"
4305,"$1,253"
7300,"$1,253"
2865,"$1,254"
2168,"$1,255"
4517,"$1,255"
5254,"$1,255"
3232,"$1,257"
3682,"$1,257"
5040,"$1,257"
5346,"$1,257"
7026,"$1,257"
6701,"$1,258"
3831,"$1,259"
4519,"$1,259"
7018,"$1,259"
5032,"$1,260"
5035,"$1,260"
7252,"$1,260"
3278,"$1,261"
3816,"$1,261"
2345,"$1,262"
4695,"$1,262"
5272,"$1,262"
5440,"$1,264"
4230,"$1,265"
6288,"$1,265"
3333,"$1,266"
4272,"$1,266"
2727,"$1,267"
4808,"$1,267"
5073,"$1,267"
2726,"$1,268"
2488,"$1,269"
3562,"$1,269"
4564,"$1,269"
5118,"$1,269"
5202,"$1,269"
5007,"$1,270"
6221,"$1,270"
4076,"$1,271"
4424,"$1,271"
6411,"$1,271"
3635,"$1,272"
4207,"$1,272"
4703,"$1,272"
5075,"$1,272"
2032,"$1,273"
6409,"$1,273"
3663,"$1,274"
4877,"$1,274"
2398,"$1,275"
3302,"$1,275"
4108,"$1,275"
4163,"$1,275"
4217,"$1,275"
4870,"$1,275"
5241,"$1,275"
5352,"$1,275"
6423,"$1,275"
6517,"$1,275"
4800,"$1,276"
6037,"$1,276"
6375,"$1,276"
2555,"$1,278"
5031,"$1,279"
5266,"$1,279"
2405,"$1,281"
3342,"$1,282"
4701,"$1,282"
4815,"$1,283"
6211,"$1,283"
2380,"$1,284"
2400,"$1,284"
3230,"$1,284"
3725,"$1,284"
4454,"$1,284"
5092,"$1,284"
2259,"$1,285"
2831,"$1,285"
3218,"$1,286"
3521,"$1,286"
6603,"$1,286"
7162,"$1,286"
2323,"$1,287"
6438,"$1,287"
2303,"$1,288"
4224,"$1,288"
854,"$1,289"
3589,"$1,289"
4356,"$1,289"
4487,"$1,290"
5048,"$1,290"
7267,"$1,290"
2411,"$1,291"
3043,"$1,291"
3282,"$1,291"
6335,"$1,292"
6445,"$1,292"
3859,"$1,293"
5021,"$1,293"
822,"$1,294"
2164,"$1,296"
2864,"$1,296"
3046,"$1,296"
3337,"$1,296"
4285,"$1,296"
5085,"$1,296"
6064,"$1,296"
4158,"$1,299"
6728,"$1,299"
6327,"$1,300"
3803,"$1,301"
4405,"$1,301"
4514,"$1,301"
2818,"$1,302"
3675,"$1,302"
2652,"$1,303"
3265,"$1,303"
4125,"$1,303"
6286,"$1,303"
6395,"$1,303"
3169,"$1,304"
3083,"$1,305"
3235,"$1,305"
5016,"$1,306"
3976,"$1,307"
4346,"$1,307"
6503,"$1,307"
4221,"$1,308"
2681,"$1,309"
6394,"$1,309"
2795,"$1,310"
2701,"$1,311"
2577,"$1,312"
2649,"$1,312"
3622,"$1,312"
3755,"$1,312"
6346,"$1,312"
6428,"$1,312"
6506,"$1,312"
7468,"$1,312"
2640,"$1,313"
2783,"$1,314"
3678,"$1,314"
2707,"$1,315"
5171,"$1,315"
5251,"$1,315"
3453,"$1,316"
6318,"$1,316"
4730,"$1,317"
5210,"$1,317"
3034,"$1,318"
3155,"$1,318"
6126,"$1,318"
7055,"$1,318"
2481,"$1,319"
2390,"$1,320"
4131,"$1,320"
6530,"$1,320"
3844,"$1,321"
2143,"$1,323"
2286,"$1,323"
4363,"$1,323"
4878,"$1,324"
5025,"$1,324"
7277,"$1,324"
2878,"$1,325"
3557,"$1,325"
6271,"$1,325"
6415,"$1,325"
2142,"$1,326"
5011,"$1,326"
5501,"$1,326"
6230,"$1,326"
2280,"$1,327"
4506,"$1,328"
6396,"$1,328"
3954,"$1,329"
4359,"$1,330"
6407,"$1,331"
5097,"$1,332"
862,"$1,333"
2292,"$1,333"
5630,"$1,333"
6487,"$1,333"
2680,"$1,334"
3224,"$1,334"
4133,"$1,334"
6167,"$1,335"
3659,"$1,336"
4132,"$1,336"
3338,"$1,337"
4400,"$1,337"
3401,"$1,338"
4413,"$1,338"
2302,"$1,339"
2800,"$1,339"
3201,"$1,339"
2737,"$1,342"
6613,"$1,343"
2830,"$1,344"
4702,"$1,344"
4738,"$1,344"
5024,"$1,345"
5502,"$1,346"
4802,"$1,347"
6642,"$1,347"
2519,"$1,348"
4741,"$1,348"
2650,"$1,349"
5068,"$1,349"
5600,"$1,349"
6105,"$1,349"
6285,"$1,349"
6450,"$1,349"
4868,"$1,350"
2322,"$1,351"
2337,"$1,351"
3153,"$1,351"
2333,"$1,352"
6147,"$1,352"
3763,"$1,353"
2296,"$1,354"
7008,"$1,354"
4810,"$1,357"
6056,"$1,357"
2642,"$1,358"
2530,"$1,360"
6169,"$1,360"
4575,"$1,361"
6510,"$1,361"
3822,"$1,363"
5083,"$1,363"
3269,"$1,364"
4358,"$1,364"
5270,"$1,364"
2760,"$1,365"
2250,"$1,366"
3108,"$1,366"
7015,"$1,366"
3301,"$1,367"
3634,"$1,367"
4737,"$1,367"
5045,"$1,367"
6359,"$1,368"
6562,"$1,368"
3869,"$1,369"
4032,"$1,369"
4301,"$1,369"
3172,"$1,370"
3216,"$1,370"
4110,"$1,370"
2576,"$1,371"
5234,"$1,371"
2297,"$1,372"
4559,"$1,372"
2479,"$1,373"
3151,"$1,373"
4567,"$1,373"
3764,"$1,374"
3852,"$1,374"
3893,"$1,374"
6068,"$1,374"
6476,"$1,374"
3279,"$1,375"
3287,"$1,375"
3430,"$1,375"
3958,"$1,375"
4106,"$1,375"
4705,"$1,375"
4829,"$1,375"
6351,"$1,375"
6384,"$1,375"
6521,"$1,375"
6571,"$1,375"
6625,"$1,375"
2290,"$1,376"
3283,"$1,377"
3793,"$1,377"
4572,"$1,377"
2170,"$1,378"
4573,"$1,378"
3981,"$1,379"
2575,"$1,381"
2287,"$1,383"
3749,"$1,383"
3810,"$1,383"
4492,"$1,383"
4556,"$1,384"
2490,"$1,385"
3586,"$1,385"
4067,"$1,385"
3028,"$1,387"
6073,"$1,387"
2623,"$1,388"
4109,"$1,388"
5018,"$1,388"
2784,"$1,389"
4518,"$1,389"
6111,"$1,390"
6213,"$1,390"
4419,"$1,391"
4555,"$1,391"
2408,"$1,392"
3751,"$1,392"
4223,"$1,392"
4220,"$1,393"
5072,"$1,394"
5244,"$1,394"
2210,"$1,395"
3378,"$1,395"
2251,"$1,397"
2898,"$1,397"
3821,"$1,397"
2134,"$1,398"
4218,"$1,399"
4390,"$1,399"
4497,"$1,399"
5044,"$1,399"
5303,"$1,399"
5432,"$1,399"
2336,"$1,400"
2294,"$1,402"
3957,"$1,402"
3979,"$1,402"
6479,"$1,402"
2573,"$1,403"
3814,"$1,403"
3873,"$1,403"
3987,"$1,404"
7012,"$1,407"
4018,"$1,408"
3076,"$1,409"
4865,"$1,409"
4557,"$1,410"
6353,"$1,410"
6448,"$1,410"
6760,"$1,410"
2177,"$1,411"
3345,"$1,411"
2334,"$1,412"
5095,"$1,412"
6558,"$1,413"
6054,"$1,415"
2826,"$1,416"
3274,"$1,416"
6420,"$1,416"
6627,"$1,416"
3276,"$1,418"
4127,"$1,418"
5233,"$1,419"
2625,"$1,420"
2651,"$1,420"
6060,"$1,420"
6343,"$1,420"
5134,"$1,421"
2220,"$1,422"
4561,"$1,422"
3055,"$1,423"
4554,"$1,423"
4307,"$1,424"
6163,"$1,424"
3340,"$1,426"
3072,"$1,427"
3131,"$1,428"
5731,"$1,428"
2560,"$1,429"
3813,"$1,429"
5400,"$1,429"
3435,"$1,430"
3226,"$1,432"
4716,"$1,432"
6062,"$1,432"
3137,"$1,433"
4869,"$1,433"
7025,"$1,434"
4505,"$1,435"
4482,"$1,437"
4498,"$1,437"
5455,"$1,437"
5660,"$1,437"
6228,"$1,437"
6391,"$1,437"
6509,"$1,437"
6635,"$1,437"
3352,"$1,439"
5091,"$1,439"
5172,"$1,439"
2191,"$1,440"
3018,"$1,440"
3427,"$1,440"
3011,"$1,441"
4740,"$1,442"
2344,"$1,443"
7052,"$1,443"
3633,"$1,445"
2750,"$1,446"
4364,"$1,446"
3332,"$1,447"
3140,"$1,448"
3918,"$1,449"
4214,"$1,449"
4562,"$1,449"
6051,"$1,449"
6108,"$1,449"
7000,"$1,450"
2320,"$1,451"
3757,"$1,452"
5372,"$1,452"
6110,"$1,452"
2109,"$1,453"
7004,"$1,453"
3802,"$1,454"
5291,"$1,454"
3196,"$1,456"
6103,"$1,456"
2209,"$1,458"
4227,"$1,458"
6356,"$1,458"
6515,"$1,458"
6614,"$1,458"
7005,"$1,458"
4211,"$1,459"
6058,"$1,459"
3042,"$1,461"
873,"$1,462"
2198,"$1,464"
3139,"$1,464"
5452,"$1,464"
6337,"$1,464"
3277,"$1,465"
4411,"$1,465"
4890,"$1,465"
5710,"$1,465"
4226,"$1,466"
5351,"$1,466"
4178,"$1,467"
2563,"$1,468"
3515,"$1,468"
3762,"$1,468"
3927,"$1,468"
6632,"$1,468"
6107,"$1,469"
4879,"$1,470"
6214,"$1,470"
4416,"$1,473"
3189,"$1,474"
2754,"$1,475"
3815,"$1,475"
2104,"$1,476"
2278,"$1,476"
3167,"$1,476"
5252,"$1,476"
6355,"$1,476"
6059,"$1,477"
2285,"$1,478"
3180,"$1,478"
4503,"$1,478"
5201,"$1,478"
2141,"$1,480"
3064,"$1,480"
2179,"$1,481"
6063,"$1,481"
6472,"$1,481"
3012,"$1,483"
5240,"$1,483"
3033,"$1,484"
2734,"$1,485"
3912,"$1,485"
2293,"$1,488"
3136,"$1,488"
4814,"$1,488"
5022,"$1,488"
5245,"$1,488"
5720,"$1,488"
4102,"$1,489"
4111,"$1,489"
5126,"$1,490"
5127,"$1,490"
3911,"$1,492"
2282,"$1,493"
2779,"$1,496"
2148,"$1,498"
5020,"$1,498"
5065,"$1,498"
2018,"$1,500"
2527,"$1,500"
3082,"$1,500"
3105,"$1,501"
3980,"$1,501"
2517,"$1,502"
3192,"$1,502"
5049,"$1,502"
4034,"$1,503"
3109,"$1,504"
3024,"$1,505"
4404,"$1,508"
4754,"$1,509"
2533,"$1,510"
5067,"$1,510"
2753,"$1,511"
6035,"$1,511"
6104,"$1,511"
4811,"$1,512"
5050,"$1,512"
3049,"$1,513"
2534,"$1,514"
3857,"$1,516"
7017,"$1,516"
2565,"$1,518"
3788,"$1,518"
6256,"$1,519"
4157,"$1,520"
2568,"$1,521"
3194,"$1,521"
6507,"$1,521"
2526,"$1,522"
3913,"$1,523"
4721,"$1,523"
837,"$1,524"
2627,"$1,524"
3163,"$1,524"
6232,"$1,527"
7007,"$1,527"
4113,"$1,530"
3148,"$1,531"
2219,"$1,532"
6284,"$1,532"
3926,"$1,533"
6162,"$1,533"
3688,"$1,534"
2738,"$1,535"
3071,"$1,535"
2128,"$1,536"
2211,"$1,536"
2216,"$1,540"
5159,"$1,540"
3129,"$1,541"
4275,"$1,542"
4455,"$1,542"
5139,"$1,542"
6425,"$1,542"
3087,"$1,543"
3775,"$1,543"
3197,"$1,547"
3789,"$1,547"
7054,"$1,547"
6160,"$1,548"
6609,"$1,549"
6112,"$1,552"
2116,"$1,553"
3766,"$1,553"
3212,"$1,557"
4118,"$1,557"
4553,"$1,559"
2218,"$1,560"
3977,"$1,560"
5242,"$1,561"
3704,"$1,562"
6123,"$1,562"
6467,"$1,562"
7021,"$1,562"
2208,"$1,564"
5360,"$1,564"
2176,"$1,567"
860,"$1,570"
5125,"$1,570"
6021,"$1,570"
2566,"$1,571"
5082,"$1,571"
3170,"$1,572"
3220,"$1,573"
3357,"$1,573"
3429,"$1,573"
3781,"$1,573"
2083,"$1,574"
2117,"$1,574"
2574,"$1,578"
3029,"$1,578"
3910,"$1,579"
5063,"$1,579"
2212,"$1,580"
2305,"$1,581"
2525,"$1,581"
2529,"$1,582"
3792,"$1,583"
6282,"$1,583"
3166,"$1,584"
4036,"$1,584"
3173,"$1,585"
3023,"$1,586"
4817,"$1,588"
6066,"$1,588"
3501,"$1,590"
2222,"$1,591"
2572,"$1,591"
3107,"$1,591"
3150,"$1,591"
4017,"$1,591"
4161,"$1,591"
4481,"$1,593"
5158,"$1,593"
3138,"$1,594"
3756,"$1,594"
4122,"$1,594"
6148,"$1,596"
6180,"$1,596"
2133,"$1,597"
2318,"$1,598"
4502,"$1,599"
5069,"$1,599"
2207,"$1,602"
3152,"$1,602"
3213,"$1,602"
2581,"$1,603"
2747,"$1,603"
3156,"$1,603"
3767,"$1,603"
2289,"$1,605"
3052,"$1,605"
3135,"$1,606"
4054,"$1,606"
3044,"$1,607"
5136,"$1,607"
3058,"$1,608"
3856,"$1,609"
839,"$1,611"
3275,"$1,611"
2217,"$1,612"
3750,"$1,612"
3190,"$1,613"
3341,"$1,613"
4103,"$1,613"
6022,"$1,614"
3179,"$1,615"
6101,"$1,616"
2147,"$1,617"
5243,"$1,617"
3783,"$1,618"
4006,"$1,618"
4129,"$1,619"
6532,"$1,619"
2115,"$1,620"
3328,"$1,621"
3434,"$1,622"
2017,"$1,623"
3182,"$1,623"
3631,"$1,624"
3805,"$1,624"
6605,"$1,624"
5144,"$1,625"
5653,"$1,625"
6358,"$1,625"
6412,"$1,625"
6513,"$1,625"
3031,"$1,626"
2835,"$1,628"
4107,"$1,628"
6030,"$1,629"
6077,"$1,629"
3691,"$1,631"
2131,"$1,632"
3929,"$1,632"
5076,"$1,632"
2321,"$1,633"
4059,"$1,634"
6057,"$1,635"
6157,"$1,635"
3130,"$1,636"
5041,"$1,636"
6281,"$1,636"
3551,"$1,637"
2421,"$1,638"
2036,"$1,639"
2152,"$1,639"
2330,"$1,639"
4078,"$1,639"
2258,"$1,640"
3281,"$1,640"
3149,"$1,643"
4173,"$1,643"
2122,"$1,645"
3770,"$1,646"
4119,"$1,648"
3132,"$1,650"
3331,"$1,651"
2228,"$1,653"
2300,"$1,653"
5142,"$1,653"
3038,"$1,654"
3614,"$1,654"
2778,"$1,655"
3796,"$1,655"
5609,"$1,655"
6361,"$1,656"
6707,"$1,657"
4742,"$1,658"
4722,"$1,661"
6024,"$1,662"
6152,"$1,662"
4306,"$1,663"
3133,"$1,664"
2765,"$1,665"
4104,"$1,665"
6233,"$1,665"
4174,"$1,669"
4213,"$1,669"
4120,"$1,671"
4124,"$1,671"
6501,"$1,671"
4013,"$1,672"
4159,"$1,673"
5081,"$1,675"
6125,"$1,675"
3030,"$1,676"
4105,"$1,676"
6207,"$1,676"
4818,"$1,677"
6237,"$1,677"
6556,"$1,677"
3211,"$1,678"
3321,"$1,678"
5263,"$1,678"
5350,"$1,678"
7053,"$1,678"
6100,"$1,679"
3154,"$1,680"
3183,"$1,680"
4723,"$1,680"
5131,"$1,680"
2193,"$1,681"
4803,"$1,681"
3854,"$1,682"
4500,"$1,683"
3037,"$1,684"
5153,"$1,685"
2798,"$1,687"
4165,"$1,687"
6574,"$1,687"
2900,"$1,688"
3160,"$1,688"
4212,"$1,688"
5034,"$1,692"
2558,"$1,693"
5006,"$1,693"
2150,"$1,696"
3085,"$1,697"
3442,"$1,697"
6174,"$1,697"
3795,"$1,698"
3695,"$1,699"
6076,"$1,699"
2556,"$1,700"
4824,"$1,700"
3782,"$1,701"
3812,"$1,703"
4209,"$1,705"
5089,"$1,705"
6053,"$1,705"
4300,"$1,706"
3765,"$1,707"
3934,"$1,707"
4116,"$1,707"
3916,"$1,708"
6725,"$1,708"
2151,"$1,709"
4123,"$1,709"
4179,"$1,709"
6236,"$1,710"
2145,"$1,712"
3066,"$1,712"
5371,"$1,712"
3065,"$1,715"
6036,"$1,715"
4680,"$1,716"
828,"$1,718"
2777,"$1,718"
6172,"$1,718"
6124,"$1,719"
2175,"$1,720"
2626,"$1,720"
3032,"$1,720"
6154,"$1,721"
2140,"$1,723"
2757,"$1,723"
4352,"$1,723"
2136,"$1,724"
2146,"$1,724"
3056,"$1,724"
3928,"$1,724"
4010,"$1,724"
5231,"$1,724"
3057,"$1,726"
4012,"$1,726"
4750,"$1,727"
5155,"$1,727"
3116,"$1,728"
3335,"$1,728"
4000,"$1,728"
4101,"$1,728"
4751,"$1,728"
5157,"$1,729"
4068,"$1,730"
2620,"$1,731"
3103,"$1,731"
6227,"$1,732"
2213,"$1,733"
4117,"$1,733"
3791,"$1,734"
3165,"$1,735"
2035,"$1,736"
6005,"$1,736"
3088,"$1,739"
3752,"$1,739"
2756,"$1,741"
3094,"$1,742"
3754,"$1,742"
4512,"$1,742"
2767,"$1,743"
3036,"$1,743"
3227,"$1,744"
4210,"$1,745"
6631,"$1,749"
850,"$1,751"
2037,"$1,752"
3758,"$1,752"
3806,"$1,752"
2766,"$1,756"
2167,"$1,757"
2335,"$1,758"
4053,"$1,759"
6170,"$1,762"
2205,"$1,763"
3228,"$1,763"
3433,"$1,763"
6003,"$1,765"
3003,"$1,766"
3240,"$1,766"
6074,"$1,767"
2224,"$1,768"
5062,"$1,769"
4718,"$1,772"
6432,"$1,772"
3158,"$1,773"
3937,"$1,774"
2606,"$1,777"
6082,"$1,777"
2582,"$1,778"
4066,"$1,779"
2776,"$1,781"
6414,"$1,781"
6575,"$1,781"
2050,"$1,782"
2114,"$1,783"
3111,"$1,783"
4115,"$1,784"
6743,"$1,785"
5250,"$1,787"
841,"$1,789"
4151,"$1,789"
3761,"$1,790"
4280,"$1,791"
6446,"$1,792"
2206,"$1,793"
6156,"$1,795"
4031,"$1,796"
5064,"$1,799"
5117,"$1,799"
2260,"$1,801"
3204,"$1,801"
4169,"$1,802"
6176,"$1,802"
2099,"$1,805"
6052,"$1,805"
6084,"$1,806"
875,"$1,807"
2077,"$1,807"
2112,"$1,809"
3438,"$1,810"
2203,"$1,811"
2204,"$1,812"
3428,"$1,812"
6165,"$1,812"
3084,"$1,813"
3122,"$1,813"
3141,"$1,813"
2033,"$1,814"
3181,"$1,816"
3202,"$1,816"
4516,"$1,816"
5137,"$1,818"
5156,"$1,818"
3195,"$1,819"
2016,"$1,821"
3093,"$1,822"
6027,"$1,822"
3040,"$1,825"
6000,"$1,827"
4011,"$1,828"
5052,"$1,829"
7258,"$1,829"
3185,"$1,830"
4715,"$1,830"
3099,"$1,831"
4208,"$1,831"
2291,"$1,833"
6032,"$1,833"
2118,"$1,834"
3431,"$1,834"
4030,"$1,834"
4160,"$1,834"
2138,"$1,835"
4112,"$1,835"
4521,"$1,837"
5051,"$1,837"
7024,"$1,838"
4509,"$1,840"
4270,"$1,841"
3205,"$1,842"
3147,"$1,844"
2132,"$1,846"
3440,"$1,848"
3159,"$1,849"
6069,"$1,849"
2214,"$1,851"
3006,"$1,852"
2232,"$1,853"
6175,"$1,853"
3760,"$1,854"
6373,"$1,854"
6390,"$1,855"
2229,"$1,856"
3078,"$1,856"
3008,"$1,858"
6799,"$1,859"
2011,"$1,861"
3039,"$1,861"
4014,"$1,861"
5141,"$1,862"
3944,"$1,863"
3809,"$1,864"
3978,"$1,864"
6012,"$1,864"
6166,"$1,864"
4128,"$1,865"
6071,"$1,866"
6083,"$1,867"
3070,"$1,868"
6004,"$1,868"
4504,"$1,874"
2749,"$1,875"
5651,"$1,875"
6033,"$1,875"
6122,"$1,880"
6025,"$1,881"
2135,"$1,883"
2761,"$1,883"
3437,"$1,883"
3145,"$1,884"
5138,"$1,888"
5632,"$1,888"
7020,"$1,889"
3178,"$1,892"
3184,"$1,892"
6050,"$1,894"
4051,"$1,895"
4720,"$1,895"
2516,"$1,896"
2231,"$1,898"
6031,"$1,902"
6055,"$1,902"
4228,"$1,903"
3041,"$1,905"
2230,"$1,906"
3217,"$1,906"
5133,"$1,906"
2617,"$1,907"
2067,"$1,909"
2615,"$1,911"
2774,"$1,911"
3162,"$1,911"
6081,"$1,912"
2759,"$1,916"
2902,"$1,916"
3106,"$1,916"
2113,"$1,917"
4007,"$1,918"
2223,"$1,919"
6065,"$1,920"
2101,"$1,926"
3096,"$1,927"
3807,"$1,928"
6171,"$1,928"
2602,"$1,930"
5061,"$1,931"
2178,"$1,935"
4164,"$1,936"
6072,"$1,937"
2130,"$1,940"
2614,"$1,940"
3753,"$1,940"
6019,"$1,941"
6018,"$1,942"
6038,"$1,942"
2000,"$1,943"
2569,"$1,943"
6726,"$1,944"
2221,"$1,946"
4075,"$1,946"
3975,"$1,947"
6161,"$1,949"
6149,"$1,950"
2752,"$1,952"
4753,"$1,952"
5132,"$1,952"
6151,"$1,952"
2020,"$1,955"
6016,"$1,957"
829,"$1,958"
4074,"$1,958"
4152,"$1,959"
7170,"$1,960"
870,"$1,963"
2049,"$1,968"
5152,"$1,968"
6150,"$1,968"
3786,"$1,971"
3123,"$1,976"
2159,"$1,977"
6034,"$1,982"
2157,"$1,985"
2903,"$1,985"
6026,"$1,986"
6164,"$1,987"
6070,"$1,988"
3143,"$1,990"
3161,"$1,990"
3054,"$1,991"
6078,"$1,991"
3104,"$1,996"
2111,"$1,999"
2103,"$2,001"
3067,"$2,001"
2612,"$2,004"
2127,"$2,005"
3787,"$2,005"
2515,"$2,006"
3004,"$2,006"
6155,"$2,007"
3016,"$2,008"
2570,"$2,009"
3188,"$2,010"
3759,"$2,012"
3121,"$2,015"
4130,"$2,021"
6014,"$2,021"
2080,"$2,022"
4711,"$2,026"
5232,"$2,026"
812,"$2,028"
2019,"$2,028"
3933,"$2,028"
3079,"$2,029"
3059,"$2,030"
3930,"$2,030"
4172,"$2,030"
4121,"$2,031"
2758,"$2,032"
830,"$2,035"
3662,"$2,035"
6442,"$2,037"
3068,"$2,039"
2905,"$2,040"
2763,"$2,042"
2233,"$2,044"
3013,"$2,047"
2121,"$2,048"
2227,"$2,051"
2762,"$2,051"
6158,"$2,051"
4005,"$2,054"
6153,"$2,055"
2108,"$2,058"
2571,"$2,059"
3432,"$2,062"
2912,"$2,065"
3187,"$2,065"
4170,"$2,065"
2106,"$2,066"
3441,"$2,068"
2042,"$2,070"
5066,"$2,070"
3015,"$2,071"
3063,"$2,071"
2748,"$2,072"
6006,"$2,074"
2607,"$2,084"
3089,"$2,089"
6226,"$2,090"
2567,"$2,091"
2044,"$2,092"
2171,"$2,093"
4153,"$2,094"
4055,"$2,096"
2046,"$2,098"
2773,"$2,098"
4035,"$2,100"
2906,"$2,103"
5154,"$2,103"
810,"$2,107"
6008,"$2,107"
5151,"$2,109"
2137,"$2,110"
4825,"$2,114"
2082,"$2,120"
2557,"$2,121"
2611,"$2,124"
3191,"$2,124"
6480,"$2,124"
5150,"$2,125"
886,"$2,127"
4070,"$2,128"
3221,"$2,133"
6020,"$2,138"
6798,"$2,141"
6023,"$2,142"
3808,"$2,144"
3091,"$2,147"
2913,"$2,149"
3102,"$2,149"
2010,"$2,150"
3095,"$2,150"
4745,"$2,152"
2022,"$2,157"
2173,"$2,157"
2153,"$2,158"
2102,"$2,160"
2508,"$2,162"
4061,"$2,163"
6007,"$2,163"
2045,"$2,164"
2226,"$2,165"
3804,"$2,165"
838,"$2,169"
6010,"$2,170"
6159,"$2,173"
2745,"$2,174"
4874,"$2,174"
2048,"$2,179"
3193,"$2,179"
2064,"$2,183"
4717,"$2,184"
6430,"$2,186"
3207,"$2,190"
4064,"$2,190"
6710,"$2,190"
6437,"$2,191"
3127,"$2,192"
3124,"$2,195"
3146,"$2,195"
2158,"$2,198"
2105,"$2,202"
3101,"$2,206"
5140,"$2,208"
2100,"$2,214"
874,"$2,219"
2154,"$2,219"
2604,"$2,220"
3027,"$2,220"
2601,"$2,222"
6121,"$2,222"
2031,"$2,226"
2085,"$2,228"
880,"$2,230"
6029,"$2,230"
853,"$2,236"
6173,"$2,238"
2107,"$2,250"
6422,"$2,250"
6447,"$2,250"
3113,"$2,252"
835,"$2,253"
4073,"$2,254"
3097,"$2,255"
2904,"$2,260"
800,"$2,264"
2079,"$2,268"
2029,"$2,270"
2040,"$2,273"
2605,"$2,273"
2097,"$2,274"
2034,"$2,277"
2009,"$2,280"
2174,"$2,280"
3002,"$2,285"
2087,"$2,287"
4060,"$2,289"
6028,"$2,289"
2120,"$2,291"
3206,"$2,301"
2081,"$2,304"
3144,"$2,306"
4520,"$2,306"
6009,"$2,306"
3142,"$2,311"
2072,"$2,313"
2060,"$2,316"
2026,"$2,325"
2096,"$2,328"
2038,"$2,337"
820,"$2,341"
2066,"$2,344"
2089,"$2,349"
2047,"$2,353"
832,"$2,356"
834,"$2,361"
2062,"$2,361"
2090,"$2,367"
4037,"$2,368"
2618,"$2,369"
2015,"$2,375"
2093,"$2,382"
6181,"$2,386"
2914,"$2,388"
4171,"$2,392"
2603,"$2,395"
2021,"$2,399"
2234,"$2,400"
2768,"$2,400"
4069,"$2,403"
4746,"$2,405"
2156,"$2,408"
3186,"$2,410"
2061,"$2,415"
2065,"$2,416"
4744,"$2,421"
836,"$2,422"
6722,"$2,422"
3126,"$2,440"
2126,"$2,443"
6751,"$2,443"
2095,"$2,449"
2024,"$2,450"
3115,"$2,452"
2621,"$2,457"
2084,"$2,467"
2076,"$2,469"
2600,"$2,474"
4155,"$2,476"
4743,"$2,477"
5725,"$2,477"
2028,"$2,478"
2043,"$2,482"
2911,"$2,486"
4154,"$2,486"
6753,"$2,502"
2086,"$2,511"
4156,"$2,514"
2088,"$2,522"
6716,"$2,525"
2025,"$2,529"
2074,"$2,531"
2071,"$2,532"
4065,"$2,538"
2075,"$2,542"
2155,"$2,569"
3090,"$2,588"
2225,"$2,615"
2094,"$2,620"
2027,"$2,628"
2070,"$2,628"
6714,"$2,634"
2769,"$2,649"
3114,"$2,660"
2041,"$2,672"
2125,"$2,675"
2172,"$2,685"
2119,"$2,693"
2068,"$2,735"
2110,"$2,739"
6754,"$2,750"
6720,"$2,765"
6011,"$2,782"
2030,"$2,815"
2619,"$2,820"
2069,"$2,846"
2039,"$2,873"
2023,"$2,892"
6015,"$2,925"
2073,"$3,010"
6721,"$3,104"
885,"$3,207"
6713,"$3,284"
2063,"$3,344"
2092,"$3,384"
4709,"$3,528"
6484,$424
5160,$466
5734,$468
5106,$471
3921,$477
7257,$537
3889,$545
3053,$572
4345,$574
3520,$575
7466,$612
840,$620
3026,$630
7213,$640
3895,$671
3472,$674
3475,$675
2834,$676
6252,$682
3423,$685
7264,$686
6042,$687
2306,$689
2475,$695
6397,$706
4184,$707
2848,$708
5722,$708
5320,$709
5422,$710
2395,$715
7214,$717
2846,$719
3540,$720
2466,$723
4706,$724
2371,$725
3482,$725
4612,$725
5421,$725
5521,$725
6628,$725
7261,$725
4580,$726
3518,$727
4383,$731
5354,$732
3392,$736
4613,$736
5730,$737
2356,$739
4674,$740
4713,$740
2424,$742
7180,$745
7216,$745
2347,$746
6514,$746
3890,$749
3712,$751
5570,$751
4714,$753
4621,$754
4676,$754
5493,$754
7184,$754
3900,$756
2838,$758
3311,$758
4614,$758
5418,$758
4600,$759
5357,$759
3595,$761
2410,$762
3489,$762
3887,$762
5221,$762
5732,$762
7119,$762
5113,$764
5381,$764
7467,$764
3371,$765
4731,$766
3412,$767
3888,$767
7210,$767
2469,$768
2873,$770
5164,$770
4659,$771
2725,$772
3525,$772
5583,$773
7182,$773
2359,$774
2449,$774
3322,$774
3891,$774
3892,$774
4402,$774
3467,$775
4421,$776
4888,$777
3469,$778
3361,$779
5414,$779
5577,$779
2443,$781
2807,$781
3465,$781
4620,$781
7265,$782
2448,$783
5495,$783
4671,$784
7027,$784
7186,$784
7253,$784
2559,$785
2341,$786
2427,$786
3940,$786
4418,$788
5522,$788
2396,$789
6443,$789
6488,$790
3580,$791
3713,$791
5581,$791
5520,$792
4385,$794
5307,$794
5571,$794
7178,$794
2361,$795
2372,$795
2404,$795
3324,$795
7215,$795
7120,$796
4887,$797
5260,$798
2476,$802
2879,$803
2355,$804
5238,$804
2403,$805
4365,$805
2462,$806
5560,$806
2842,$807
2869,$807
3833,$807
2633,$808
2668,$808
3517,$808
3533,$808
4615,$808
3523,$809
4707,$809
5321,$809
5608,$809
3991,$811
2426,$812
4477,$812
5556,$812
5214,$813
7263,$813
2585,$814
3237,$814
3527,$815
3478,$816
5309,$817
3964,$819
5472,$819
6372,$819
6485,$819
3491,$820
7209,$821
3506,$824
5256,$824
6393,$824
2465,$825
6518,$825
7270,$825
2423,$826
3214,$828
4662,$828
2369,$829
3639,$829
3325,$830
3370,$830
3965,$830
2808,$831
3424,$831
2428,$832
3612,$832
2735,$833
3310,$833
3544,$833
3581,$833
4601,$833
4732,$833
5306,$833
5733,$833
7185,$833
4849,$834
5576,$835
4660,$836
5112,$836
3880,$838
5575,$838
2474,$839
2551,$839
2453,$840
3995,$840
4467,$840
4474,$840
5204,$840
2658,$841
5473,$841
5723,$841
7190,$841
3373,$842
4886,$842
6043,$843
7248,$843
2163,$844
3962,$844
4728,$844
4627,$845
5211,$846
2546,$848
3488,$849
4490,$849
7260,$849
3238,$850
3468,$850
4462,$850
4819,$851
7116,$851
2629,$852
4313,$853
5558,$853
2645,$854
4355,$854
5601,$855
7117,$855
2370,$857
2849,$857
3272,$857
4312,$859
7304,$859
3542,$860
3571,$860
4507,$860
6290,$860
4757,$861
4373,$862
4381,$862
3384,$863
5582,$863
6262,$863
7112,$863
2717,$864
3960,$865
3531,$866
3966,$866
7177,$866
7187,$866
5481,$868
3485,$869
3909,$869
5212,$869
4799,$870
2431,$871
2844,$871
4488,$871
7469,$871
3477,$872
3490,$874
3236,$875
3463,$875
3529,$875
3558,$875
6398,$875
6640,$875
2346,$877
5222,$877
5605,$877
4376,$878
2648,$880
5654,$880
6386,$880
3956,$881
5237,$881
4630,$882
2338,$885
3971,$885
5670,$886
2422,$887
3355,$887
3414,$887
4410,$887
5416,$887
5580,$887
3200,$888
4371,$888
2473,$889
4673,$890
5269,$890
6229,$890
3874,$891
5166,$891
3886,$892
2820,$893
2839,$893
5540,$893
2485,$894
3393,$894
2714,$895
3315,$895
3480,$895
2793,$896
3223,$896
5701,$899
2464,$900
2539,$900
2805,$900
3330,$900
3699,$900
3733,$900
3903,$900
4375,$900
4489,$900
4606,$900
4611,$900
5413,$900
5604,$900
6254,$900
6383,$900
6413,$900
4605,$901
3707,$902
5264,$902
6536,$902
2402,$903
3922,$903
2440,$905
2810,$905
3239,$905
3672,$905
3840,$906
2833,$907
3450,$907
4608,$907
2712,$908
2732,$908
4581,$908
5374,$908
5203,$909
5345,$909
2590,$910
3825,$910
4861,$910
5433,$910
3579,$911
2822,$912
3666,$912
2430,$913
3395,$913
5555,$913
2357,$914
4388,$914
4650,$914
5310,$914
5671,$914
3390,$915
3507,$915
5084,$915
3726,$916
5017,$917
2502,$918
3623,$918
3462,$919
4380,$919
5417,$920
2730,$921
3061,$921
6323,$921
7303,$921
3047,$922
3779,$922
5470,$922
7322,$922
2409,$923
3669,$923
5343,$923
2804,$924
2828,$924
3375,$924
3923,$924
2429,$925
3575,$926
5330,$927
6218,$927
3380,$928
3460,$928
4655,$929
2455,$931
2631,$931
2463,$932
3233,$933
3708,$933
3709,$933
5419,$933
6309,$933
2702,$935
7305,$935
2721,$936
6322,$936
2836,$937
3720,$937
5490,$937
3483,$938
3610,$938
4472,$938
3576,$939
3967,$939
6504,$939
3318,$940
3537,$940
4303,$941
7179,$942
3270,$943
3559,$943
3984,$943
4571,$943
7010,$943
3649,$944
3737,$944
6350,$944
847,$945
5253,$945
2447,$946
4374,$946
4895,$946
3885,$947
2460,$948
2537,$948
3950,$948
6275,$948
3309,$949
3746,$949
4205,$949
4739,$949
6321,$949
6434,$949
6489,$949
7254,$949
2441,$950
2641,$950
7325,$951
2587,$954
6410,$954
3000,$955
3379,$955
2809,$956
3292,$956
3293,$956
3388,$956
3799,$956
5265,$956
7315,$956
5165,$957
7262,$957
3568,$958
4378,$958
5412,$958
2832,$959
5724,$959
6044,$959
2470,$960
3356,$960
4114,$960
7016,$960
7140,$962
2536,$963
5279,$963
3556,$964
3842,$964
4677,$964
7019,$964
7320,$964
5573,$965
2803,$966
3391,$966
3566,$966
3573,$966
3617,$966
4756,$966
6385,$966
6419,$966
6705,$966
4361,$967
5275,$967
7310,$967
2609,$968
2794,$968
5278,$968
2482,$969
3363,$969
2827,$970
3741,$970
4362,$970
5012,$970
2541,$971
2880,$971
3360,$971
3396,$971
4856,$971
2528,$972
3317,$972
3701,$972
4468,$972
2358,$973
2360,$973
3177,$973
3915,$973
3939,$973
5223,$973
2319,$974
4353,$974
4570,$974
5010,$974
5554,$974
2545,$975
2790,$975
2843,$975
2875,$975
3567,$975
4892,$975
3608,$977
5431,$978
2733,$979
2263,$980
6718,$980
5280,$981
2387,$982
2868,$982
3738,$982
4287,$982
5013,$982
2594,$983
4377,$984
4387,$984
3530,$985
6315,$985
3858,$986
3286,$987
3563,$987
3636,$987
5550,$987
2312,$988
3851,$988
5301,$988
3714,$989
6304,$989
3387,$990
2876,$991
3219,$991
7306,$992
2713,$993
3260,$993
4883,$993
2700,$994
3730,$994
6253,$994
2586,$995
3638,$995
2327,$998
2123,NaN
3062,NaN
3134,"$1,628"
4009,NaN
4475,NaN
5950,NaN
6612,"$1,221"
6620,"$1,360"
7001,NaN
