postcode,installations
0,4
200,1
800,101
801,7
803,2
804,15
810,"3,023"
811,2
812,"1,637"
813,7
814,3
820,980
821,7
822,774
828,191
829,30
830,"1,774"
831,9
832,"2,083"
834,208
835,445
836,"1,082"
837,54
838,109
839,20
840,105
841,62
845,67
846,43
847,18
850,598
851,45
852,133
853,1
854,10
860,117
861,21
862,32
870,"2,424"
871,57
872,157
873,115
874,17
875,110
880,22
881,12
885,12
886,10
1340,1
1355,1
1435,1
1460,1
1470,2
1475,3
1480,2
1485,1
1490,1
1495,1
1560,1
1570,2
1595,3
1630,7
1640,2
1655,3
1658,1
1660,2
1670,1
1680,2
1710,1
1715,2
1730,4
1741,1
1755,2
1765,8
1790,4
1800,1
1805,2
1830,1
1835,1
1848,1
1860,3
1871,1
1875,1
1885,5
1890,5
2000,47
2007,26
2008,75
2009,17
2010,155
2011,37
2015,209
2016,120
2017,66
2018,327
2019,319
2020,298
2021,195
2022,234
2023,213
2024,338
2025,118
2026,480
2027,74
2028,53
2029,144
2030,376
2031,601
2032,324
2033,175
2034,397
2035,965
2036,974
2037,242
2038,305
2039,224
2040,728
2041,413
2042,464
2043,117
2044,359
2045,238
2046,764
2047,236
2048,195
2049,295
2050,146
2055,1
2057,18
2059,3
2060,164
2061,21
2062,137
2063,329
2064,235
2065,549
2066,"1,112"
2067,563
2068,740
2069,631
2070,578
2071,498
2072,235
2073,689
2074,"1,064"
2075,820
2076,"1,035"
2077,"1,312"
2079,451
2080,142
2081,502
2082,539
2083,180
2084,265
2085,807
2086,772
2087,773
2088,694
2089,84
2090,191
2092,374
2093,906
2094,150
2095,275
2096,500
2097,716
2099,"1,357"
2100,"1,103"
2101,787
2102,430
2103,486
2104,187
2105,99
2106,336
2107,674
2108,95
2109,1
2110,361
2111,545
2112,"1,102"
2113,778
2114,775
2115,451
2116,284
2117,817
2118,"1,359"
2119,595
2120,"1,076"
2121,"1,280"
2122,"1,241"
2123,1
2124,5
2125,"1,296"
2126,"1,460"
2127,78
2128,116
2130,141
2131,442
2132,358
2133,338
2134,289
2135,765
2136,264
2137,786
2138,375
2140,173
2141,"1,185"
2142,701
2143,450
2144,"1,027"
2145,"3,930"
2146,"1,170"
2147,"2,821"
2148,"4,146"
2150,238
2151,790
2152,504
2153,"4,495"
2154,"2,671"
2155,"6,194"
2156,"1,310"
2157,344
2158,570
2159,422
2160,"1,126"
2161,"1,287"
2162,863
2163,355
2164,"1,546"
2165,"2,024"
2166,"2,623"
2167,826
2168,"2,691"
2170,"6,499"
2171,"2,781"
2172,286
2173,"1,057"
2174,757
2175,174
2176,"3,436"
2177,"1,118"
2178,326
2179,807
2190,"1,040"
2191,208
2192,348
2193,573
2194,388
2195,445
2196,"1,128"
2197,474
2198,421
2199,762
2200,"1,451"
2203,386
2204,800
2205,356
2206,776
2207,948
2208,559
2209,752
2210,"1,470"
2211,852
2212,799
2213,"1,216"
2214,354
2216,545
2217,640
2218,376
2219,458
2220,779
2221,660
2222,337
2223,887
2224,595
2225,285
2226,743
2227,583
2228,686
2229,"1,151"
2230,"1,112"
2231,187
2232,"1,519"
2233,"1,848"
2234,"2,172"
2250,"5,586"
2251,"2,723"
2256,"1,237"
2257,"2,134"
2258,466
2259,"7,072"
2260,"1,843"
2261,"3,762"
2262,"2,044"
2263,"2,262"
2264,"1,983"
2265,953
2267,316
2278,329
2280,"2,484"
2281,"1,475"
2282,"1,541"
2283,"2,626"
2284,"1,279"
2285,"3,096"
2286,451
2287,"3,500"
2289,"1,360"
2290,"2,614"
2291,927
2292,185
2293,154
2294,102
2295,636
2296,136
2297,161
2298,566
2299,746
2300,423
2302,17
2303,635
2304,"1,135"
2305,951
2306,69
2307,285
2308,4
2311,144
2312,221
2315,"1,613"
2316,819
2317,784
2318,"1,718"
2319,858
2320,"3,888"
2321,"2,012"
2322,"2,634"
2323,"2,538"
2324,"3,495"
2325,"3,116"
2326,901
2327,753
2328,256
2329,266
2330,"2,334"
2333,"1,169"
2334,347
2335,873
2336,309
2337,787
2338,206
2339,97
2340,"5,169"
2341,197
2342,51
2343,520
2344,109
2345,118
2346,424
2347,251
2350,"2,863"
2352,345
2353,192
2354,377
2355,77
2356,26
2357,"1,068"
2358,495
2359,126
2360,"1,930"
2361,180
2365,495
2369,135
2370,961
2371,219
2372,820
2379,42
2380,"1,192"
2381,172
2382,160
2386,41
2387,16
2388,634
2390,"2,275"
2395,111
2396,258
2397,80
2398,39
2399,118
2400,"2,336"
2401,45
2402,336
2403,121
2404,296
2405,78
2406,170
2408,49
2409,73
2410,39
2411,28
2415,75
2420,538
2421,315
2422,914
2423,567
2424,70
2425,345
2426,113
2427,771
2428,"3,166"
2429,"1,501"
2430,"5,007"
2431,900
2439,757
2440,"2,843"
2441,818
2443,"1,932"
2444,"6,383"
2445,"1,241"
2446,"2,253"
2447,"1,165"
2448,"1,540"
2449,352
2450,"5,642"
2452,"1,870"
2453,491
2454,"1,443"
2455,473
2456,"2,415"
2460,"4,662"
2462,466
2463,"1,388"
2464,"1,325"
2465,38
2466,382
2469,704
2470,"2,630"
2471,461
2472,403
2473,602
2474,"1,344"
2475,39
2476,85
2477,"2,558"
2478,"5,585"
2479,"1,063"
2480,"8,194"
2481,"2,232"
2482,"1,495"
2483,"2,134"
2484,"3,852"
2485,"1,989"
2486,"6,432"
2487,"2,588"
2488,571
2489,"1,581"
2490,140
2500,"1,426"
2502,743
2505,315
2506,428
2508,666
2515,"1,034"
2516,515
2517,976
2518,"1,233"
2519,"1,026"
2520,6
2525,927
2526,"1,345"
2527,"2,440"
2528,"1,689"
2529,"2,402"
2530,"3,688"
2533,"1,773"
2534,656
2535,"1,109"
2536,"2,338"
2537,"1,866"
2538,350
2539,"2,448"
2540,"5,895"
2541,"2,637"
2545,186
2546,"1,378"
2548,"1,045"
2549,567
2550,"2,718"
2551,436
2552,1
2555,4
2556,142
2557,"1,095"
2558,"1,062"
2559,119
2560,"6,442"
2563,14
2564,961
2565,"2,186"
2566,"2,837"
2567,"3,716"
2568,170
2569,193
2570,"4,590"
2571,"1,441"
2572,477
2573,457
2574,710
2575,"1,783"
2576,"1,244"
2577,"1,899"
2578,388
2579,648
2580,"2,816"
2581,360
2582,"1,792"
2583,649
2584,95
2585,20
2586,483
2587,465
2588,67
2590,907
2594,"1,376"
2600,528
2601,24
2602,"2,076"
2603,506
2604,485
2605,868
2606,588
2607,"1,041"
2609,129
2611,"2,814"
2612,459
2614,"1,621"
2615,"3,596"
2616,9
2617,"2,157"
2618,194
2619,731
2620,"3,653"
2621,900
2622,686
2623,62
2624,4
2625,4
2626,64
2627,498
2628,252
2629,77
2630,"1,025"
2631,65
2632,215
2633,32
2640,"4,541"
2641,"1,566"
2642,841
2643,548
2644,372
2645,81
2646,"1,214"
2647,463
2648,351
2649,5
2650,"5,241"
2651,158
2652,605
2653,374
2655,219
2656,198
2658,244
2659,149
2660,285
2663,520
2665,237
2666,706
2668,62
2669,209
2671,602
2672,263
2675,206
2680,"2,557"
2681,212
2700,682
2701,326
2702,124
2703,102
2705,"1,183"
2706,160
2707,150
2710,"1,449"
2711,456
2712,251
2713,461
2714,593
2715,184
2716,220
2717,117
2720,989
2721,24
2722,431
2725,42
2726,40
2727,49
2729,292
2730,207
2731,"1,040"
2732,342
2733,91
2734,47
2735,76
2736,58
2737,68
2738,237
2739,175
2745,"2,830"
2747,"4,022"
2748,202
2749,"1,417"
2750,"3,332"
2751,8
2752,510
2753,"1,352"
2754,586
2756,"2,855"
2757,73
2758,868
2759,"2,375"
2760,"2,178"
2761,"3,149"
2762,"1,329"
2763,"2,538"
2765,"2,956"
2766,"1,168"
2767,"2,551"
2768,"2,879"
2769,"1,724"
2770,"3,419"
2773,628
2774,"1,285"
2775,193
2776,489
2777,"1,886"
2778,329
2779,503
2780,"1,274"
2782,697
2783,286
2784,165
2785,563
2786,160
2787,490
2790,"1,403"
2791,48
2792,47
2793,167
2794,"1,366"
2795,"4,179"
2797,56
2798,275
2799,356
2800,"4,394"
2803,60
2804,465
2805,54
2806,109
2807,70
2808,33
2809,37
2810,448
2817,30
2818,99
2820,759
2821,982
2822,28
2823,276
2824,488
2825,384
2826,37
2827,729
2828,151
2829,565
2830,"7,978"
2831,510
2832,423
2833,133
2834,489
2835,781
2836,144
2838,10
2839,188
2840,609
2842,136
2843,192
2844,260
2845,186
2846,61
2847,315
2848,166
2849,277
2850,"2,262"
2852,451
2864,126
2865,202
2866,376
2867,107
2868,99
2869,252
2870,"1,760"
2871,"1,113"
2873,144
2874,91
2875,148
2876,55
2877,651
2878,44
2879,196
2880,"4,546"
2898,41
2899,545
2900,116
2901,1
2902,"1,422"
2903,782
2904,"1,260"
2905,"2,342"
2906,"1,333"
2911,312
2912,272
2913,"2,413"
2914,"1,976"
3000,54
3002,62
3003,84
3004,16
3006,23
3008,87
3011,747
3012,"1,150"
3013,802
3015,929
3016,859
3018,"1,052"
3019,414
3020,"2,709"
3021,"3,222"
3022,185
3023,"5,302"
3024,"2,962"
3025,567
3026,286
3027,740
3028,"2,080"
3029,"11,984"
3030,"9,445"
3031,584
3032,"1,213"
3033,835
3034,588
3036,415
3037,"3,816"
3038,"2,016"
3039,573
3040,"1,066"
3041,603
3042,843
3043,"1,198"
3044,"1,204"
3045,5
3046,"1,479"
3047,999
3048,"1,096"
3049,605
3051,179
3052,96
3053,118
3054,282
3055,576
3056,989
3057,409
3058,"2,075"
3059,"1,451"
3060,591
3061,523
3062,34
3063,63
3064,"8,167"
3065,228
3066,171
3067,177
3068,796
3070,"1,534"
3071,929
3072,"1,739"
3073,"2,598"
3074,"1,318"
3075,"1,303"
3076,"2,538"
3078,786
3079,777
3081,626
3082,"1,946"
3083,"2,043"
3084,"1,449"
3085,775
3087,515
3088,"1,606"
3089,888
3090,177
3091,186
3093,241
3094,502
3095,"1,816"
3096,158
3097,163
3099,450
3101,937
3102,306
3103,652
3104,895
3105,572
3106,"1,134"
3107,716
3108,"1,039"
3109,"1,423"
3111,877
3113,705
3114,291
3115,330
3116,874
3121,732
3122,527
3123,395
3124,894
3125,731
3126,285
3127,870
3128,788
3129,802
3130,"1,858"
3131,"1,407"
3132,876
3133,"1,706"
3134,"1,962"
3135,"1,236"
3136,"2,943"
3137,"1,142"
3138,"1,696"
3139,"1,455"
3140,"1,337"
3141,252
3142,240
3143,221
3144,366
3145,903
3146,"1,011"
3147,835
3148,426
3149,"2,173"
3150,"4,292"
3151,609
3152,"2,598"
3153,"1,641"
3154,324
3155,"1,590"
3156,"3,187"
3158,413
3159,181
3160,586
3161,369
3162,629
3163,"1,105"
3164,20
3165,"1,311"
3166,"1,082"
3167,577
3168,612
3169,"1,117"
3170,"1,368"
3171,"1,345"
3172,"1,588"
3173,"2,744"
3174,"2,103"
3175,"3,148"
3176,1
3177,648
3178,"3,234"
3179,503
3180,689
3181,319
3182,319
3183,356
3184,364
3185,409
3186,923
3187,851
3188,832
3189,465
3190,431
3191,484
3192,"1,166"
3193,"1,033"
3194,566
3195,"2,476"
3196,"1,644"
3197,971
3198,"1,355"
3199,"3,817"
3200,334
3201,"1,997"
3202,175
3204,"1,367"
3205,215
3206,305
3207,341
3211,204
3212,"1,773"
3213,367
3214,"1,736"
3215,"1,504"
3216,"4,684"
3217,758
3218,825
3219,"1,694"
3220,"1,048"
3221,454
3222,"1,934"
3223,"1,232"
3224,"1,496"
3225,757
3226,"1,912"
3227,698
3228,"2,112"
3230,533
3231,314
3232,117
3233,315
3234,32
3235,64
3236,45
3237,29
3238,45
3239,59
3240,268
3241,339
3242,114
3243,42
3249,377
3250,946
3251,53
3254,50
3260,400
3264,216
3265,302
3266,291
3267,19
3268,281
3269,75
3270,25
3271,36
3272,192
3273,11
3274,37
3275,37
3276,46
3277,144
3278,34
3279,28
3280,"1,983"
3281,205
3282,196
3283,139
3284,330
3285,134
3286,50
3287,38
3289,93
3292,42
3293,45
3294,99
3300,766
3301,119
3302,39
3303,30
3304,331
3305,"1,340"
3309,12
3310,30
3311,185
3312,97
3314,64
3315,175
3317,13
3318,158
3319,37
3321,225
3322,11
3323,4
3324,80
3325,72
3328,267
3329,27
3330,24
3331,861
3332,154
3333,104
3334,57
3335,758
3336,647
3337,"3,649"
3338,"2,807"
3340,"2,297"
3341,230
3342,492
3345,200
3350,"4,018"
3351,"1,110"
3352,"2,040"
3353,10
3354,1
3355,811
3356,"1,220"
3357,415
3358,62
3360,94
3361,77
3363,458
3364,306
3370,296
3371,205
3373,336
3374,70
3375,18
3377,956
3378,12
3379,91
3380,603
3381,185
3384,75
3385,90
3387,59
3388,85
3390,143
3391,25
3392,89
3393,353
3395,82
3396,112
3400,"1,426"
3401,623
3402,22
3407,51
3409,181
3412,51
3413,21
3414,285
3415,2
3418,400
3419,136
3420,35
3423,75
3424,103
3427,461
3428,79
3429,"3,338"
3430,30
3431,523
3432,29
3433,35
3434,634
3435,425
3437,"1,182"
3438,248
3440,204
3441,116
3442,"1,082"
3444,"1,292"
3446,186
3447,106
3448,196
3450,"1,244"
3451,902
3453,362
3458,354
3460,377
3461,770
3462,259
3463,540
3464,176
3465,"1,411"
3467,253
3468,63
3469,48
3472,322
3475,74
3477,137
3478,371
3480,211
3482,35
3483,142
3485,48
3487,16
3488,17
3489,6
3490,151
3491,21
3494,58
3496,767
3498,613
3500,"3,000"
3501,318
3502,29
3505,635
3506,2
3507,26
3509,39
3512,57
3515,275
3516,111
3517,292
3518,243
3520,39
3521,107
3522,66
3523,756
3525,233
3527,117
3529,15
3530,19
3531,22
3533,120
3537,155
3540,61
3542,25
3544,49
3546,70
3549,301
3550,"3,735"
3551,"4,356"
3552,22
3554,2
3555,"1,956"
3556,"1,474"
3557,117
3558,161
3559,56
3561,768
3562,55
3563,124
3564,"2,390"
3565,13
3566,98
3567,116
3568,484
3570,151
3571,65
3572,15
3573,49
3575,117
3576,7
3579,878
3580,176
3581,36
3583,29
3584,158
3585,"1,337"
3586,111
3588,73
3589,50
3590,48
3591,24
3594,111
3595,122
3596,9
3597,56
3599,26
3607,21
3608,488
3610,295
3612,335
3614,181
3616,809
3617,24
3618,124
3619,82
3620,"1,256"
3621,378
3622,72
3623,153
3624,106
3629,"1,148"
3630,"3,264"
3631,"1,932"
3632,51
3633,115
3634,302
3635,110
3636,935
3637,106
3638,383
3639,115
3640,213
3641,235
3643,39
3644,"1,536"
3646,111
3647,2
3649,74
3658,922
3659,139
3660,983
3661,37
3662,6
3663,53
3664,203
3665,76
3666,932
3669,261
3670,121
3671,63
3672,"1,308"
3673,316
3675,374
3676,125
3677,"2,149"
3678,"1,281"
3682,125
3683,308
3685,533
3687,191
3688,259
3689,99
3690,"3,668"
3691,"1,592"
3694,15
3695,88
3697,112
3698,194
3699,122
3700,246
3701,238
3704,6
3705,54
3707,366
3708,12
3709,81
3711,114
3712,52
3713,195
3714,575
3715,55
3717,533
3718,18
3719,95
3720,143
3722,854
3723,533
3724,17
3725,113
3726,91
3727,61
3728,125
3730,"1,667"
3732,114
3733,39
3735,86
3736,33
3737,596
3738,34
3739,38
3740,185
3741,536
3744,80
3746,98
3747,868
3749,479
3750,"1,582"
3751,11
3752,"1,882"
3753,332
3754,"3,727"
3755,30
3756,"1,448"
3757,"1,006"
3758,289
3759,157
3760,52
3761,165
3762,18
3763,256
3764,"1,031"
3765,520
3766,74
3767,47
3770,378
3775,495
3777,"1,169"
3778,32
3779,96
3781,326
3782,677
3783,252
3786,91
3787,40
3788,101
3789,12
3791,89
3792,84
3793,328
3795,170
3796,740
3797,411
3799,604
3802,"2,169"
3803,"1,079"
3804,884
3805,"5,496"
3806,"4,427"
3807,695
3808,322
3809,"1,377"
3810,"4,658"
3812,250
3813,107
3814,271
3815,345
3816,351
3818,"1,910"
3820,"1,823"
3821,412
3822,122
3823,311
3824,576
3825,"2,342"
3831,320
3832,44
3833,52
3835,59
3840,"1,569"
3842,475
3844,"2,811"
3847,304
3850,"1,369"
3851,"1,147"
3852,3
3853,9
3854,170
3856,180
3857,70
3858,481
3859,139
3860,926
3862,509
3864,39
3865,96
3869,256
3870,239
3871,419
3873,59
3874,133
3875,"2,393"
3878,215
3880,640
3882,202
3885,332
3886,57
3887,50
3888,531
3889,27
3890,54
3891,36
3892,247
3893,4
3895,26
3896,52
3898,111
3900,24
3902,64
3903,119
3904,322
3909,"1,196"
3910,"2,043"
3911,388
3912,"1,531"
3913,375
3915,951
3916,182
3918,612
3919,330
3921,66
3922,"1,475"
3923,142
3925,608
3926,492
3927,279
3928,86
3929,221
3930,"1,492"
3931,"2,256"
3933,135
3934,"1,849"
3936,"1,192"
3937,225
3938,383
3939,"1,659"
3940,366
3941,"1,454"
3942,367
3943,343
3944,134
3945,205
3946,45
3950,628
3951,170
3953,"1,000"
3954,66
3956,638
3957,49
3958,30
3959,336
3960,532
3962,188
3964,28
3965,50
3966,86
3967,24
3971,614
3975,"2,112"
3976,"2,314"
3977,"11,324"
3978,"3,674"
3979,55
3980,463
3981,591
3984,990
3987,237
3988,169
3990,25
3991,89
3992,159
3995,"1,561"
3996,"1,042"
4000,222
4001,13
4002,1
4004,7
4005,517
4006,338
4007,714
4008,69
4009,51
4010,171
4011,"1,243"
4012,"1,917"
4013,510
4014,"1,981"
4017,"5,814"
4018,"1,995"
4019,"2,631"
4020,"3,357"
4021,"1,533"
4022,"1,379"
4025,195
4030,"1,270"
4031,"1,258"
4032,"1,290"
4034,"5,941"
4035,"4,864"
4036,"1,182"
4037,"1,496"
4051,"2,620"
4053,"5,409"
4054,"1,961"
4055,"3,627"
4059,803
4060,"1,417"
4061,"2,533"
4062,1
4063,1
4064,904
4065,"1,065"
4066,951
4067,541
4068,"1,813"
4069,"5,245"
4070,"2,244"
4073,"1,679"
4074,"4,367"
4075,"2,823"
4076,777
4077,"3,879"
4078,"4,069"
4101,"1,114"
4102,536
4103,"1,187"
4104,568
4105,"1,371"
4106,295
4107,945
4108,945
4109,"6,274"
4110,"2,311"
4111,131
4112,"1,469"
4113,"4,180"
4114,"2,698"
4115,"3,527"
4116,"4,468"
4117,322
4118,"5,322"
4119,"1,205"
4120,607
4121,"2,959"
4122,"5,403"
4123,"3,736"
4124,"4,500"
4125,"1,778"
4127,"3,859"
4128,"2,970"
4129,"1,127"
4130,"1,681"
4131,"1,315"
4132,"3,236"
4133,"2,883"
4151,"1,296"
4152,"5,885"
4153,718
4154,"1,838"
4155,284
4156,654
4157,"3,593"
4158,515
4159,"2,849"
4160,"3,594"
4161,"3,105"
4163,"2,441"
4164,"3,112"
4165,"7,638"
4169,560
4170,"2,451"
4171,"1,547"
4172,590
4173,"1,409"
4174,454
4178,"3,582"
4179,"2,981"
4183,484
4184,"2,156"
4205,"1,062"
4207,"9,675"
4208,"4,014"
4209,"7,416"
4210,"3,896"
4211,"9,975"
4212,"5,562"
4213,"5,364"
4214,"6,208"
4215,"3,346"
4216,"5,217"
4217,"2,987"
4218,"3,673"
4219,17
4220,"4,036"
4221,"4,091"
4223,"2,486"
4224,657
4225,321
4226,"4,617"
4227,"2,816"
4228,"1,079"
4230,9
4237,1
4270,955
4271,353
4272,"1,149"
4275,755
4276,1
4280,"4,202"
4285,"4,077"
4287,141
4300,"9,087"
4301,"3,962"
4303,453
4304,"2,429"
4305,"9,117"
4306,"8,626"
4307,346
4309,651
4310,"1,348"
4311,"2,216"
4312,829
4313,589
4314,148
4340,"1,053"
4341,"3,529"
4342,573
4343,"1,926"
4344,508
4345,1
4346,254
4347,314
4350,"11,703"
4352,"5,407"
4353,54
4354,259
4355,513
4356,789
4357,436
4358,389
4359,238
4360,121
4361,440
4362,543
4363,141
4364,50
4365,107
4370,"2,778"
4371,155
4372,34
4373,173
4374,80
4375,36
4376,65
4377,120
4378,110
4380,"1,450"
4381,126
4382,111
4383,144
4384,2
4385,189
4387,185
4388,75
4390,829
4400,416
4401,849
4402,61
4403,138
4404,63
4405,"1,862"
4406,196
4407,78
4408,161
4410,246
4411,58
4412,43
4413,953
4415,300
4416,66
4417,135
4418,16
4419,140
4420,185
4421,297
4422,78
4423,24
4424,32
4425,23
4426,13
4427,77
4428,138
4454,169
4455,"1,370"
4461,9
4462,10
4465,301
4467,40
4468,73
4470,431
4472,175
4474,9
4475,3
4477,90
4478,73
4479,4
4480,103
4481,12
4482,5
4486,110
4487,436
4488,39
4489,14
4490,259
4491,17
4492,85
4493,9
4494,30
4496,47
4497,46
4498,19
4500,"7,668"
4501,959
4502,"1,608"
4503,"6,794"
4504,"3,861"
4505,"4,876"
4506,"3,689"
4507,"5,487"
4508,"2,990"
4509,"5,022"
4510,"9,239"
4511,"2,520"
4512,806
4514,"1,633"
4515,905
4516,"1,082"
4517,201
4518,"1,281"
4519,"1,907"
4520,"2,975"
4521,"1,107"
4550,960
4551,"12,453"
4552,"2,377"
4553,"1,886"
4554,363
4555,"1,568"
4556,"8,117"
4557,"2,768"
4558,"2,450"
4559,"1,321"
4560,"6,636"
4561,"1,849"
4562,"1,888"
4563,"2,420"
4564,"2,108"
4565,"3,106"
4566,"1,833"
4567,"1,824"
4568,871
4569,385
4570,"9,310"
4571,183
4572,362
4573,"4,499"
4574,290
4575,"4,954"
4580,"1,538"
4581,405
4600,206
4601,186
4605,566
4606,451
4608,168
4610,"2,153"
4611,25
4612,58
4613,132
4614,258
4615,"1,394"
4620,74
4621,324
4625,486
4626,340
4627,135
4630,301
4650,"5,676"
4655,"13,905"
4659,"1,485"
4660,"1,840"
4662,145
4670,"15,189"
4671,"1,256"
4673,130
4674,327
4676,64
4677,808
4678,269
4680,"7,885"
4694,38
4695,197
4697,27
4699,71
4700,"1,898"
4701,"5,333"
4702,"4,094"
4703,"3,730"
4704,23
4705,52
4706,8
4707,36
4709,9
4710,701
4711,388
4712,26
4713,12
4714,458
4715,832
4716,147
4717,286
4718,318
4719,175
4720,"1,748"
4721,382
4722,269
4723,174
4724,67
4725,213
4726,53
4727,45
4728,46
4730,358
4731,39
4732,32
4733,17
4735,95
4736,15
4737,"1,243"
4738,214
4739,64
4740,"10,099"
4741,"1,182"
4742,91
4743,12
4744,324
4745,111
4746,19
4750,767
4751,636
4753,653
4754,329
4756,89
4757,56
4798,134
4799,265
4800,"2,043"
4802,"1,335"
4803,1
4804,282
4805,"1,596"
4806,674
4807,"2,069"
4808,235
4809,227
4810,"2,110"
4811,"1,914"
4812,"2,223"
4814,"6,723"
4815,"3,940"
4816,"1,624"
4817,"5,220"
4818,"5,149"
4819,446
4820,"1,244"
4821,233
4822,115
4823,113
4824,184
4825,"1,831"
4828,21
4829,60
4830,64
4849,262
4850,"1,668"
4852,704
4854,697
4855,111
4856,117
4857,3
4858,216
4859,72
4860,"1,123"
4861,164
4865,"1,205"
4868,"2,650"
4869,"2,455"
4870,"7,667"
4871,"1,301"
4872,659
4873,"1,132"
4874,18
4875,124
4876,25
4877,671
4878,"1,912"
4879,"3,091"
4880,"2,080"
4881,625
4882,494
4883,849
4884,389
4885,602
4886,93
4887,284
4888,390
4890,86
4891,59
4892,35
4895,408
5000,862
5001,13
5006,621
5007,855
5008,"1,754"
5009,814
5010,847
5011,"1,591"
5012,"1,434"
5013,"1,586"
5014,"1,739"
5015,872
5016,"1,509"
5017,713
5018,"1,231"
5019,"1,498"
5020,556
5021,"1,197"
5022,"2,563"
5023,"2,059"
5024,"2,172"
5025,"1,278"
5031,"1,201"
5032,"1,681"
5033,"1,011"
5034,"1,403"
5035,754
5037,"1,387"
5038,"2,041"
5039,"1,316"
5040,392
5041,"1,826"
5042,"1,631"
5043,"2,572"
5044,"1,745"
5045,"1,844"
5046,"1,237"
5047,"1,294"
5048,"2,434"
5049,"1,808"
5050,"1,006"
5051,"2,521"
5052,995
5061,"1,384"
5062,"2,298"
5063,"1,470"
5064,"1,547"
5065,"1,432"
5066,"1,926"
5067,"1,203"
5068,"1,585"
5069,"1,217"
5070,"1,925"
5071,3
5072,"1,984"
5073,"2,245"
5074,"1,853"
5075,"1,694"
5076,"1,472"
5081,"1,374"
5082,"2,040"
5083,"1,013"
5084,"1,074"
5085,"3,488"
5086,"2,686"
5087,"1,648"
5088,578
5089,"1,101"
5090,"1,468"
5091,"1,290"
5092,"2,898"
5093,"1,582"
5094,275
5095,"3,081"
5096,"2,532"
5097,"2,310"
5098,"2,376"
5106,72
5107,"3,098"
5108,"6,195"
5109,"3,540"
5110,"1,461"
5111,23
5112,"2,593"
5113,"2,170"
5114,"5,648"
5115,"1,443"
5116,"1,735"
5117,848
5118,"3,663"
5120,637
5121,521
5125,"3,450"
5126,"1,159"
5127,"1,400"
5131,219
5132,97
5133,96
5134,91
5136,98
5137,118
5138,64
5139,83
5140,82
5141,172
5142,126
5144,88
5150,20
5151,69
5152,849
5153,"1,473"
5154,459
5155,585
5156,130
5157,709
5158,"4,927"
5159,"6,140"
5160,226
5161,"1,936"
5162,"6,333"
5163,"2,642"
5164,741
5165,744
5166,344
5167,"1,124"
5168,"1,089"
5169,"3,352"
5170,274
5171,"1,563"
5172,"1,073"
5173,"2,735"
5174,680
5175,1
5201,488
5202,222
5203,338
5204,"1,223"
5207,1
5210,468
5211,"4,718"
5212,783
5213,451
5214,"3,069"
5220,35
5221,121
5222,243
5223,681
5231,267
5232,91
5233,301
5234,300
5235,613
5236,66
5237,84
5238,"1,397"
5240,132
5241,470
5242,333
5243,181
5244,904
5245,609
5250,675
5251,"3,129"
5252,"1,200"
5253,"3,607"
5254,707
5255,"2,234"
5256,466
5259,339
5260,389
5261,59
5262,55
5263,33
5264,300
5265,71
5266,126
5267,358
5268,650
5269,37
5270,131
5271,"1,104"
5272,119
5273,13
5275,510
5276,324
5277,407
5278,75
5279,77
5280,"1,274"
5290,"2,395"
5291,"1,326"
5301,110
5302,176
5303,32
5304,118
5306,12
5307,134
5308,25
5309,21
5310,7
5311,58
5312,1
5320,294
5321,98
5322,234
5330,878
5331,89
5332,105
5333,"1,348"
5340,320
5341,"1,581"
5342,258
5343,993
5344,178
5345,789
5346,69
5350,126
5351,"1,360"
5352,"1,178"
5353,856
5354,181
5355,"1,753"
5356,171
5357,175
5360,243
5371,302
5372,510
5373,789
5374,330
5381,89
5400,201
5401,151
5410,67
5411,63
5412,283
5413,189
5414,25
5415,43
5416,46
5417,314
5418,27
5419,44
5420,20
5421,20
5422,372
5431,237
5432,53
5433,377
5434,83
5440,30
5451,183
5452,95
5453,"1,038"
5454,64
5455,9
5460,157
5461,571
5462,114
5464,98
5470,24
5471,11
5472,41
5473,180
5480,255
5481,151
5482,122
5483,76
5485,141
5490,41
5491,457
5493,25
5495,197
5501,"1,870"
5502,362
5510,29
5520,129
5521,38
5522,559
5523,391
5540,"2,986"
5550,180
5552,65
5554,"1,044"
5555,158
5556,"1,224"
5558,"1,633"
5560,123
5570,219
5571,603
5572,44
5573,635
5575,969
5576,297
5577,151
5580,102
5581,271
5582,261
5583,350
5600,"1,599"
5601,71
5602,355
5603,116
5604,62
5605,478
5606,"2,259"
5607,"1,059"
5608,"1,986"
5609,301
5611,13
5630,19
5631,255
5632,38
5633,48
5640,259
5641,220
5642,46
5650,24
5651,26
5652,144
5653,13
5654,55
5655,17
5660,6
5661,25
5670,115
5671,39
5680,599
5690,584
5700,"2,025"
5701,10
5710,605
5713,3
5717,10
5719,10
5720,10
5722,20
5723,33
5724,4
5725,255
5730,17
5731,25
5732,70
5733,16
5734,3
5875,1
5950,3
6000,416
6001,3
6003,123
6004,151
6005,131
6006,771
6007,556
6008,"1,119"
6009,"1,496"
6010,"1,746"
6011,741
6012,721
6013,1
6014,"1,894"
6015,741
6016,791
6017,363
6018,"4,382"
6019,"1,678"
6020,"2,996"
6021,"2,289"
6022,858
6023,"2,349"
6024,"2,270"
6025,"4,912"
6026,"4,163"
6027,"6,583"
6028,"3,838"
6029,308
6030,"6,482"
6031,"2,943"
6032,37
6033,89
6034,621
6035,"1,897"
6036,"2,256"
6037,738
6038,"1,852"
6041,450
6042,26
6043,62
6044,311
6050,"1,286"
6051,768
6052,"1,078"
6053,"1,777"
6054,"2,690"
6055,"4,906"
6056,"6,026"
6057,"2,772"
6058,"2,340"
6059,"2,684"
6060,"1,596"
6061,"2,928"
6062,"3,985"
6063,"2,269"
6064,"3,971"
6065,"11,744"
6066,"2,901"
6067,1
6068,17
6069,"7,651"
6070,590
6071,553
6072,163
6073,549
6074,198
6076,"3,645"
6077,289
6078,136
6079,3
6081,786
6082,540
6083,751
6084,"1,704"
6090,339
6100,"1,060"
6101,"1,511"
6102,881
6103,717
6104,"1,570"
6105,"1,570"
6106,194
6107,"5,753"
6108,"3,802"
6109,"2,054"
6110,"6,705"
6111,"3,638"
6112,"10,597"
6121,656
6122,"3,759"
6123,420
6124,246
6125,611
6126,50
6147,"2,136"
6148,"2,726"
6149,"3,100"
6150,"1,868"
6151,"1,272"
6152,"2,538"
6153,"2,270"
6154,"1,447"
6155,"9,223"
6156,"1,960"
6157,"1,452"
6158,745
6159,216
6160,727
6161,4
6162,"1,420"
6163,"7,242"
6164,"9,952"
6165,38
6166,"1,504"
6167,"4,185"
6168,"4,072"
6169,"6,516"
6170,"2,509"
6171,"6,631"
6172,"2,593"
6173,"2,113"
6174,756
6175,699
6176,312
6180,"1,217"
6181,125
6207,245
6208,"2,948"
6209,398
6210,"14,629"
6211,"1,728"
6213,130
6214,127
6215,747
6218,112
6219,3
6220,756
6221,38
6223,27
6224,185
6225,"1,408"
6226,178
6227,149
6228,25
6229,34
6230,"5,577"
6231,17
6232,"1,883"
6233,"3,243"
6236,395
6237,500
6239,862
6240,46
6243,4
6244,192
6251,73
6252,18
6253,148
6254,70
6255,608
6256,26
6258,671
6260,165
6262,109
6271,657
6275,268
6280,"4,697"
6281,"1,271"
6282,385
6284,301
6285,"1,097"
6286,118
6288,78
6290,272
6302,722
6304,379
6306,166
6308,245
6309,61
6311,96
6312,536
6313,40
6315,311
6316,63
6317,405
6318,51
6320,43
6321,39
6322,29
6323,132
6324,381
6326,60
6327,32
6328,38
6330,"3,257"
6331,2
6332,6
6333,812
6335,92
6336,43
6337,35
6338,85
6341,20
6343,18
6346,42
6348,104
6350,54
6351,4
6352,21
6353,99
6355,42
6356,16
6357,9
6358,3
6359,50
6361,10
6363,17
6365,88
6367,38
6368,8
6369,104
6370,54
6372,26
6373,8
6375,185
6383,165
6384,4
6385,3
6386,8
6390,268
6391,113
6392,66
6393,19
6394,26
6395,200
6396,24
6397,14
6398,81
6401,"1,088"
6403,37
6405,41
6407,152
6409,44
6410,136
6411,12
6412,4
6413,6
6414,5
6415,412
6418,150
6419,8
6420,5
6421,15
6422,3
6423,51
6424,3
6425,17
6426,101
6427,2
6428,12
6429,110
6430,"1,485"
6431,11
6432,547
6433,6
6434,12
6436,10
6437,187
6438,46
6440,19
6442,109
6443,46
6445,3
6446,4
6447,4
6448,9
6450,737
6460,122
6461,78
6462,9
6465,1
6466,7
6467,4
6468,16
6472,22
6473,7
6475,59
6476,3
6477,28
6479,85
6480,2
6484,7
6485,82
6487,4
6488,31
6489,9
6490,27
6501,242
6502,282
6503,510
6504,29
6505,18
6506,14
6507,104
6509,12
6510,270
6511,128
6512,10
6513,22
6514,175
6515,40
6516,463
6517,73
6518,39
6519,92
6521,70
6522,81
6525,699
6528,77
6530,"4,360"
6531,8
6532,957
6535,282
6536,253
6537,88
6556,361
6558,131
6560,203
6562,280
6564,76
6566,795
6567,96
6568,26
6569,50
6571,8
6572,6
6574,5
6575,13
6603,153
6605,1
6606,15
6608,14
6609,126
6612,28
6613,5
6614,1
6616,12
6620,42
6623,87
6625,5
6627,6
6628,8
6630,76
6631,5
6632,10
6635,15
6638,48
6639,20
6640,20
6642,66
6643,1
6646,12
6701,343
6705,19
6707,175
6710,292
6713,47
6714,546
6716,3
6718,22
6720,13
6721,89
6722,161
6725,439
6726,159
6728,151
6740,29
6743,248
6751,15
6753,69
6754,3
6758,14
6760,35
6765,24
6770,30
6798,62
6799,13
6872,1
6901,2
6902,1
6903,3
6904,2
6906,3
6907,2
6909,4
6910,2
6911,3
6912,4
6913,1
6914,4
6915,3
6916,3
6917,1
6918,3
6920,2
6921,8
6922,9
6923,6
6924,5
6926,8
6929,2
6931,3
6933,5
6934,3
6935,2
6941,1
6943,2
6944,4
6946,5
6947,1
6951,2
6952,4
6953,6
6954,4
6955,15
6956,1
6957,3
6959,5
6963,4
6964,6
6966,4
6968,7
6979,3
6981,3
6982,3
6984,3
6985,5
6988,3
6989,2
6990,4
6991,6
6992,7
7000,731
7001,4
7002,3
7004,471
7005,672
7006,10
7007,233
7008,682
7009,634
7010,777
7011,853
7012,84
7015,674
7016,114
7017,605
7018,"1,367"
7019,295
7020,284
7021,186
7022,88
7023,37
7024,60
7025,205
7026,91
7027,29
7030,"1,137"
7050,926
7051,24
7052,585
7053,277
7054,877
7055,45
7109,861
7112,387
7113,131
7116,252
7117,102
7119,3
7120,142
7140,714
7150,424
7155,147
7162,84
7163,59
7170,525
7171,214
7172,305
7173,723
7174,19
7175,15
7176,10
7177,33
7178,43
7179,58
7180,23
7182,36
7183,1
7184,102
7185,14
7186,14
7187,15
7190,468
7209,37
7210,78
7211,5
7212,187
7213,31
7214,57
7215,492
7216,482
7248,797
7249,699
7250,"3,282"
7252,350
7253,448
7254,59
7255,194
7256,268
7257,1
7258,109
7259,54
7260,304
7261,31
7262,184
7263,52
7264,63
7265,19
7267,95
7268,122
7270,625
7275,385
7276,58
7277,676
7290,166
7291,63
7292,49
7300,291
7301,396
7302,105
7303,277
7304,635
7305,113
7306,401
7307,889
7310,"1,672"
7315,"1,119"
7316,495
7320,763
7321,392
7322,273
7325,665
7330,402
7331,29
7466,4
7467,71
7468,30
7469,35
7470,39
7802,1
8576,2
9729,1
