postcode,Owned outright,Owned with a mortgage,Being purchased under a shared equity scheme,Rented,Being occupied rent-free,Being occupied under a life tenure scheme,Other tenure type,Not stated,Not applicable,Total
"2000, NSW",0,0,0,15,0,0,0,8,91,111
"2006, NSW",0,0,0,0,0,0,0,0,0,0
"2007, NSW",11,0,0,10,0,0,0,3,0,20
"2008, NSW",7,10,0,36,0,0,4,7,5,71
"2009, NSW",6,12,0,23,0,0,0,13,5,58
"2010, NSW",86,81,0,142,0,0,0,30,21,357
"2011, NSW",4,0,0,11,0,0,0,3,5,18
"2015, NSW",127,189,0,204,8,0,0,39,54,620
"2016, NSW",100,96,0,139,0,0,3,25,39,394
"2017, NSW",45,51,4,99,0,0,0,26,27,260
"2018, NSW",40,65,0,123,0,0,0,4,25,262
"2019, NSW",90,137,0,60,0,0,0,21,25,337
"2020, NSW",91,112,0,89,3,0,5,23,27,350
"2021, NSW",77,77,0,81,0,0,0,29,29,297
"2022, NSW",185,165,0,142,9,0,0,61,51,609
"2023, NSW",29,13,0,10,0,0,0,9,0,66
"2024, NSW",151,155,0,104,3,0,0,36,38,485
"2025, NSW",110,80,0,81,6,3,0,26,38,342
"2026, NSW",388,366,0,304,9,5,0,98,107,1275
"2027, NSW",17,8,0,7,0,0,0,5,4,35
"2028, NSW",5,0,0,3,0,0,0,0,4,14
"2029, NSW",54,45,0,30,0,0,0,5,10,148
"2030, NSW",36,31,0,25,3,3,0,4,12,115
"2031, NSW",495,440,0,233,10,0,7,71,100,1356
"2032, NSW",152,121,0,248,0,0,0,40,24,599
"2033, NSW",40,40,0,56,0,0,0,6,12,164
"2034, NSW",120,147,0,68,4,0,0,32,31,400
"2035, NSW",421,359,3,294,9,4,8,73,79,1239
"2036, NSW",75,86,0,173,0,0,0,55,35,420
"2037, NSW",152,133,0,377,0,0,5,85,82,838
"2038, NSW",472,586,0,426,12,0,4,83,132,1719
"2039, NSW",201,342,0,238,8,0,0,52,64,911
"2040, NSW",673,933,0,571,16,5,5,133,161,2491
"2041, NSW",287,323,0,234,9,0,0,61,80,995
"2042, NSW",439,651,0,852,5,0,8,142,201,2300
"2043, NSW",108,174,0,204,3,0,0,39,41,567
"2044, NSW",187,296,0,191,4,5,3,51,47,775
"2045, NSW",74,86,0,62,0,0,0,10,10,255
"2046, NSW",121,181,0,95,0,0,3,29,52,478
"2047, NSW",128,143,0,85,0,0,0,43,24,432
"2048, NSW",271,304,0,248,7,0,0,58,48,934
"2049, NSW",180,250,0,154,8,0,0,32,37,665
"2050, NSW",115,136,0,174,3,0,0,26,43,496
"2052, NSW",0,0,0,0,0,0,0,0,0,0
"2060, NSW",105,78,0,79,7,0,0,15,38,328
"2061, NSW",12,8,0,9,0,0,0,0,6,28
"2062, NSW",61,64,0,44,0,0,4,6,13,183
"2063, NSW",20,14,0,20,0,0,0,0,8,67
"2064, NSW",8,10,0,6,0,0,0,3,5,35
"2065, NSW",198,265,0,190,3,0,0,52,66,779
"2066, NSW",49,60,0,47,3,0,0,7,18,180
"2067, NSW",76,71,0,72,4,5,3,13,21,258
"2068, NSW",94,126,0,105,3,0,0,17,27,372
"2069, NSW",9,8,0,20,4,0,0,4,9,57
"2070, NSW",10,3,0,5,0,0,0,0,4,18
"2071, NSW",24,0,0,7,0,0,0,6,0,42
"2072, NSW",0,5,0,3,0,0,0,0,0,8
"2073, NSW",4,6,0,13,0,0,0,5,9,31
"2074, NSW",85,8,0,8,0,4,0,19,14,137
"2075, NSW",26,4,0,3,0,0,0,5,3,43
"2076, NSW",27,27,0,24,0,8,0,8,11,106
"2077, NSW",25,27,0,92,0,6,5,24,8,202
"2079, NSW",6,3,0,10,0,0,0,5,0,25
"2080, NSW",0,8,0,14,0,0,0,0,0,21
"2081, NSW",4,7,0,5,0,0,0,0,0,17
"2082, NSW",0,10,0,0,0,0,0,5,0,16
"2083, NSW",0,0,0,0,0,0,0,0,0,0
"2084, NSW",0,0,0,0,0,0,0,0,0,5
"2085, NSW",218,8,0,6,0,52,10,77,33,405
"2086, NSW",3,10,0,30,0,0,0,5,5,58
"2087, NSW",26,8,0,23,0,0,0,9,4,72
"2088, NSW",276,268,0,154,8,0,0,38,79,829
"2089, NSW",76,87,0,54,8,0,4,19,21,266
"2090, NSW",64,74,0,39,0,0,0,12,24,210
"2092, NSW",12,6,0,5,0,0,0,6,7,29
"2093, NSW",58,50,0,40,0,0,0,20,19,189
"2094, NSW",53,79,0,35,0,0,0,5,21,190
"2095, NSW",118,140,0,80,0,7,0,16,36,406
"2096, NSW",5,15,0,36,0,0,0,4,0,65
"2097, NSW",8,5,0,10,0,0,0,5,10,31
"2099, NSW",25,26,0,106,0,14,0,24,24,216
"2100, NSW",30,28,0,84,0,6,0,23,33,195
"2101, NSW",124,27,0,103,0,86,22,61,34,458
"2102, NSW",10,27,0,7,0,11,0,9,5,65
"2103, NSW",39,30,0,37,0,3,0,13,20,146
"2104, NSW",13,4,0,5,0,0,0,0,0,17
"2105, NSW",0,0,0,0,0,0,0,0,0,0
"2106, NSW",16,6,0,5,0,0,0,0,12,41
"2107, NSW",11,9,0,11,0,0,0,0,0,35
"2108, NSW",0,0,0,0,0,0,0,0,0,0
"2109, NSW",11,0,0,15,0,20,0,10,7,60
"2110, NSW",27,23,0,9,0,0,0,9,11,74
"2111, NSW",68,67,0,94,5,0,0,19,34,281
"2112, NSW",213,209,3,276,4,5,6,46,44,809
"2113, NSW",73,77,0,128,0,0,0,21,15,321
"2114, NSW",149,176,0,172,8,0,0,23,32,559
"2115, NSW",31,87,0,138,0,0,0,26,25,310
"2116, NSW",9,8,0,57,0,0,0,12,12,96
"2117, NSW",65,68,0,195,4,4,4,44,30,418
"2118, NSW",29,38,0,55,0,0,0,6,13,145
"2119, NSW",29,5,0,9,0,0,0,0,8,48
"2120, NSW",63,33,0,106,0,20,4,17,22,266
"2121, NSW",71,74,0,110,0,0,0,40,29,328
"2122, NSW",266,212,0,358,5,4,6,46,53,952
"2123, NSW",0,0,0,0,0,0,0,0,0,0
"2125, NSW",9,14,0,24,0,12,0,5,12,73
"2126, NSW",65,38,0,36,0,19,5,20,12,189
"2127, NSW",0,0,0,0,0,0,0,0,0,0
"2128, NSW",0,3,0,4,0,0,0,0,0,9
"2129, NSW",0,0,0,0,0,0,0,0,0,0
"2130, NSW",70,116,0,66,6,0,0,18,18,292
"2131, NSW",110,120,0,113,5,0,0,16,44,410
"2132, NSW",79,133,0,102,0,0,0,11,27,360
"2133, NSW",81,138,3,83,0,0,0,19,28,355
"2134, NSW",58,41,0,121,5,0,0,14,19,253
"2135, NSW",25,19,0,45,0,0,0,4,8,113
"2136, NSW",44,31,0,48,0,0,0,9,8,152
"2137, NSW",49,70,0,100,3,0,0,12,23,266
"2138, NSW",3,7,0,8,0,0,0,4,7,28
"2139, NSW",0,0,0,0,0,0,0,0,0,0
"2140, NSW",3,10,0,23,0,0,0,0,8,48
"2141, NSW",31,66,0,114,0,0,0,46,22,277
"2142, NSW",25,50,0,123,6,5,0,59,41,310
"2143, NSW",24,17,0,21,0,0,0,5,5,76
"2144, NSW",42,26,0,95,5,0,0,38,17,218
"2145, NSW",317,663,6,925,6,15,5,176,135,2251
"2146, NSW",80,169,0,181,0,8,0,23,34,498
"2147, NSW",16,14,0,126,0,4,0,36,29,221
"2148, NSW",83,192,0,491,0,11,3,94,70,938
"2150, NSW",15,23,0,105,0,0,0,28,16,191
"2151, NSW",29,48,0,83,3,0,3,34,19,217
"2152, NSW",68,77,0,123,0,3,5,15,21,318
"2153, NSW",179,94,0,126,5,0,0,20,37,470
"2154, NSW",110,24,6,67,0,172,19,49,38,486
"2155, NSW",6,16,0,20,0,0,0,5,0,45
"2156, NSW",112,7,0,20,4,110,27,18,41,333
"2157, NSW",0,0,0,3,0,0,0,0,0,3
"2158, NSW",37,7,0,7,0,0,0,5,9,63
"2159, NSW",13,0,0,0,0,8,0,5,4,26
"2160, NSW",105,99,0,343,0,18,10,48,60,682
"2161, NSW",58,93,0,334,0,0,0,62,40,585
"2162, NSW",37,51,0,159,3,3,0,25,33,304
"2163, NSW",3,6,0,43,0,0,0,19,18,84
"2164, NSW",31,54,0,105,0,0,0,20,10,220
"2165, NSW",53,55,0,256,3,0,0,33,29,430
"2166, NSW",19,23,5,181,3,5,0,23,38,286
"2167, NSW",87,116,0,159,0,5,0,24,25,413
"2168, NSW",65,145,0,200,8,0,0,39,34,489
"2170, NSW",167,116,3,370,6,28,9,139,89,920
"2171, NSW",8,19,0,33,6,0,0,5,4,72
"2172, NSW",0,0,0,0,0,0,0,0,0,0
"2173, NSW",0,3,0,8,0,0,0,0,0,17
"2174, NSW",0,0,0,3,0,0,0,0,0,3
"2175, NSW",0,0,0,0,0,0,0,0,0,0
"2176, NSW",87,93,0,225,3,10,0,49,29,493
"2177, NSW",0,9,0,220,0,6,0,14,6,254
"2178, NSW",0,0,0,0,0,0,0,0,0,3
"2179, NSW",5,0,0,4,0,0,0,4,0,15
"2190, NSW",51,86,0,274,0,9,5,33,62,518
"2191, NSW",81,78,0,99,8,3,4,14,13,306
"2192, NSW",26,48,0,72,0,0,0,17,12,180
"2193, NSW",81,105,0,78,3,0,0,19,25,301
"2194, NSW",75,56,0,99,4,0,0,21,22,271
"2195, NSW",33,29,0,22,4,0,0,11,7,107
"2196, NSW",57,81,0,138,7,5,0,35,17,328
"2197, NSW",41,40,0,83,0,0,0,22,15,205
"2198, NSW",17,20,0,9,0,0,0,6,6,60
"2199, NSW",27,52,0,81,0,0,0,13,8,183
"2200, NSW",102,115,0,135,4,6,3,44,32,437
"2203, NSW",148,174,0,102,8,0,0,20,25,484
"2204, NSW",442,545,3,462,10,5,4,89,103,1662
"2205, NSW",85,138,0,101,4,0,4,26,29,385
"2206, NSW",28,36,0,38,3,0,0,12,14,140
"2207, NSW",434,430,0,327,13,0,8,85,88,1382
"2208, NSW",37,18,0,53,0,3,0,13,12,144
"2209, NSW",120,96,0,138,4,0,3,30,21,414
"2210, NSW",176,64,3,247,0,16,0,50,46,607
"2211, NSW",52,51,0,150,3,0,0,24,30,317
"2212, NSW",94,98,0,84,0,0,0,19,22,312
"2213, NSW",175,92,0,133,0,0,0,22,36,461
"2214, NSW",0,0,0,0,0,0,0,0,0,3
"2216, NSW",127,134,3,138,11,0,0,27,40,481
"2217, NSW",310,181,0,181,8,5,0,46,66,794
"2218, NSW",20,42,0,51,3,0,0,10,15,143
"2219, NSW",349,175,0,167,9,0,0,55,79,842
"2220, NSW",94,78,0,107,7,0,0,32,32,355
"2221, NSW",104,67,0,85,3,0,0,19,16,304
"2222, NSW",138,83,0,93,0,0,0,20,17,350
"2223, NSW",174,90,0,97,4,0,0,33,42,442
"2224, NSW",56,36,0,35,0,0,0,14,8,151
"2225, NSW",57,69,0,11,0,0,0,4,0,137
"2226, NSW",122,108,0,94,4,0,0,22,18,368
"2227, NSW",65,25,0,35,0,0,0,7,18,155
"2228, NSW",93,73,4,136,0,4,6,40,36,383
"2229, NSW",343,76,0,113,0,0,0,53,40,629
"2230, NSW",64,31,0,31,5,0,0,17,19,166
"2231, NSW",3,0,0,4,0,0,0,0,3,16
"2232, NSW",196,86,0,113,5,3,7,20,35,466
"2233, NSW",119,51,0,54,3,0,3,14,16,261
"2234, NSW",23,24,0,12,0,0,0,0,9,64
"2250, NSW",681,216,7,511,13,268,75,197,207,2178
"2251, NSW",400,68,9,211,0,181,68,98,135,1173
"2256, NSW",474,129,0,415,8,5,0,85,95,1216
"2257, NSW",733,175,0,455,8,9,8,118,259,1765
"2258, NSW",41,58,0,66,0,0,0,10,12,188
"2259, NSW",140,81,4,343,0,32,11,92,101,802
"2260, NSW",132,22,3,56,0,39,13,24,46,341
"2261, NSW",698,168,4,697,10,118,54,235,327,2321
"2262, NSW",32,26,0,66,3,0,0,24,12,161
"2263, NSW",468,87,0,331,6,14,3,166,85,1164
"2264, NSW",147,5,3,62,0,55,40,21,46,381
"2265, NSW",112,4,0,74,0,48,14,36,27,310
"2267, NSW",7,3,0,8,0,0,0,0,0,16
"2278, NSW",0,0,0,0,0,0,0,0,0,3
"2280, NSW",320,91,0,298,4,44,12,64,92,915
"2281, NSW",127,37,0,158,4,0,0,36,40,403
"2282, NSW",334,64,0,217,3,6,3,35,71,736
"2283, NSW",140,51,0,197,0,3,0,32,37,467
"2284, NSW",82,24,0,99,0,0,0,15,18,238
"2285, NSW",203,60,0,274,0,38,9,51,110,758
"2286, NSW",8,0,0,0,0,5,4,3,0,14
"2287, NSW",250,129,0,560,9,31,14,74,74,1138
"2289, NSW",67,26,0,138,4,0,0,8,38,280
"2290, NSW",509,116,0,446,10,22,17,87,88,1293
"2291, NSW",60,53,0,139,0,0,0,19,50,316
"2292, NSW",11,9,0,43,0,0,0,7,8,70
"2293, NSW",4,12,0,30,0,0,0,9,5,60
"2294, NSW",6,15,0,36,3,0,0,4,15,69
"2295, NSW",9,3,0,33,0,0,0,3,12,62
"2296, NSW",9,13,0,28,0,0,0,5,4,66
"2297, NSW",6,3,0,3,0,0,0,7,4,22
"2298, NSW",28,43,0,105,3,0,0,10,27,218
"2299, NSW",77,40,0,276,0,0,3,28,53,474
"2300, NSW",63,50,0,94,0,0,0,4,23,246
"2302, NSW",0,0,0,0,0,0,0,0,0,0
"2303, NSW",58,34,0,117,3,0,3,17,41,279
"2304, NSW",91,70,0,418,3,0,0,50,66,708
"2305, NSW",113,39,0,169,6,3,0,25,35,385
"2306, NSW",0,3,0,72,0,0,0,6,10,89
"2307, NSW",43,17,0,93,0,8,4,17,19,198
"2308, NSW",0,0,0,0,0,0,0,0,0,0
"2311, NSW",0,0,0,0,0,0,0,0,0,0
"2312, NSW",0,0,0,0,0,0,0,0,0,4
"2314, NSW",0,0,0,0,0,0,0,0,0,0
"2315, NSW",191,69,0,238,0,35,23,155,206,921
"2316, NSW",18,20,0,39,0,0,0,3,17,96
"2317, NSW",267,50,0,132,3,19,19,45,76,602
"2318, NSW",70,8,0,30,0,0,0,10,17,127
"2319, NSW",31,12,0,59,0,0,0,7,17,136
"2320, NSW",170,68,0,480,0,34,11,86,91,938
"2321, NSW",63,28,5,116,0,42,9,17,26,315
"2322, NSW",44,42,0,157,4,0,0,6,27,280
"2323, NSW",157,89,0,522,0,4,0,84,103,961
"2324, NSW",151,82,0,437,3,4,0,106,169,954
"2325, NSW",133,38,0,519,4,16,10,116,99,937
"2326, NSW",55,4,0,55,4,0,0,16,20,158
"2327, NSW",38,11,0,160,0,3,0,30,26,258
"2328, NSW",27,0,0,18,0,9,3,4,11,63
"2329, NSW",0,0,0,4,0,0,0,3,3,9
"2330, NSW",56,60,0,240,0,5,0,38,52,461
"2331, NSW",0,0,0,0,0,0,0,0,0,0
"2333, NSW",31,18,0,323,0,3,0,48,123,544
"2334, NSW",0,0,0,12,0,0,0,0,5,16
"2335, NSW",15,3,0,56,0,0,0,9,5,87
"2336, NSW",0,0,0,3,0,0,0,0,0,10
"2337, NSW",8,5,0,64,3,0,0,16,20,114
"2338, NSW",0,0,0,0,0,0,0,0,0,0
"2339, NSW",0,0,0,0,0,0,0,0,0,0
"2340, NSW",194,65,0,1065,6,8,4,219,259,1829
"2341, NSW",0,0,0,4,0,0,0,0,0,4
"2342, NSW",0,0,0,0,0,0,0,0,0,0
"2343, NSW",3,0,0,10,0,0,0,3,7,23
"2344, NSW",0,0,0,0,0,0,0,0,0,0
"2345, NSW",0,0,0,0,0,0,0,0,0,0
"2346, NSW",0,0,0,3,0,0,0,0,0,4
"2347, NSW",0,0,0,8,0,0,0,0,0,9
"2350, NSW",87,42,0,606,3,4,0,68,197,1008
"2351, NSW",0,0,0,0,0,0,0,0,0,0
"2352, NSW",0,0,0,23,0,0,0,0,7,28
"2353, NSW",5,0,0,7,0,4,0,7,8,31
"2354, NSW",0,0,0,0,0,0,0,0,0,7
"2355, NSW",0,0,0,0,0,0,0,0,0,0
"2356, NSW",0,0,0,0,0,0,0,0,0,0
"2357, NSW",4,5,0,18,0,0,3,5,12,55
"2358, NSW",4,0,0,6,0,0,0,4,0,11
"2359, NSW",0,0,0,0,0,0,0,0,0,0
"2360, NSW",19,7,0,100,0,0,0,20,14,165
"2361, NSW",0,0,0,3,0,0,0,0,0,7
"2365, NSW",3,4,0,18,0,0,0,0,8,31
"2369, NSW",0,0,0,0,0,0,0,0,0,0
"2370, NSW",5,5,0,31,0,0,0,0,18,49
"2371, NSW",0,0,0,0,0,0,0,0,0,0
"2372, NSW",4,5,0,45,0,0,0,3,19,78
"2379, NSW",0,0,0,0,0,0,0,0,0,0
"2380, NSW",31,3,0,77,0,7,5,10,19,154
"2381, NSW",0,0,0,0,0,0,0,0,0,3
"2382, NSW",0,0,0,0,0,0,0,0,0,0
"2386, NSW",0,0,0,0,0,0,0,0,0,0
"2387, NSW",0,0,0,0,0,0,0,0,0,0
"2388, NSW",0,0,0,48,0,0,0,15,17,80
"2390, NSW",4,5,0,72,4,3,4,22,23,139
"2395, NSW",0,0,0,0,0,0,0,0,0,0
"2396, NSW",0,0,0,0,0,0,0,0,3,3
"2397, NSW",0,0,0,0,0,0,0,0,0,0
"2398, NSW",0,0,0,0,0,0,0,0,0,0
"2399, NSW",26,23,0,13,3,0,0,8,16,90
"2400, NSW",41,34,0,59,8,0,5,32,36,208
"2401, NSW",0,0,0,0,0,0,0,0,0,0
"2402, NSW",0,0,0,8,0,0,0,0,0,7
"2403, NSW",0,0,0,0,0,0,0,0,0,0
"2404, NSW",0,0,0,12,0,0,0,0,4,18
"2405, NSW",0,0,0,0,0,0,0,0,0,0
"2408, NSW",0,0,0,0,0,0,0,0,0,0
"2409, NSW",0,0,0,0,0,0,0,0,0,0
"2410, NSW",0,0,0,0,0,0,0,0,0,0
"2411, NSW",0,0,0,0,0,0,0,0,0,0
"2415, NSW",0,0,0,0,0,0,0,0,0,0
"2420, NSW",3,0,0,9,0,4,4,0,9,26
"2421, NSW",0,0,0,0,0,0,0,0,0,0
"2422, NSW",6,0,0,16,0,0,0,4,4,27
"2423, NSW",0,0,0,5,0,0,0,3,0,14
"2424, NSW",0,0,0,0,0,0,0,0,0,0
"2425, NSW",0,0,0,0,0,0,0,0,3,6
"2426, NSW",0,0,0,0,0,0,0,0,0,4
"2427, NSW",28,4,0,38,0,0,0,9,23,110
"2428, NSW",819,151,0,436,11,34,11,140,246,1842
"2429, NSW",31,5,0,55,0,0,0,12,11,107
"2430, NSW",374,64,0,528,0,73,24,114,171,1349
"2431, NSW",69,10,0,80,0,0,9,12,51,228
"2439, NSW",4,0,0,0,0,0,0,0,0,10
"2440, NSW",34,13,0,131,0,0,0,36,30,246
"2441, NSW",0,0,0,10,0,0,0,0,0,15
"2443, NSW",237,23,8,124,0,65,19,46,65,585
"2444, NSW",794,288,9,928,8,100,21,244,261,2660
"2445, NSW",21,5,0,21,0,0,0,5,14,66
"2446, NSW",38,19,0,171,0,0,0,20,33,288
"2447, NSW",6,4,0,28,0,0,0,3,6,50
"2448, NSW",32,17,0,117,0,0,0,24,22,222
"2449, NSW",6,0,0,16,0,0,0,0,6,25
"2450, NSW",268,145,0,567,10,4,5,149,127,1266
"2452, NSW",203,93,0,331,3,40,11,72,64,817
"2453, NSW",8,0,0,6,0,0,0,0,0,11
"2454, NSW",25,8,0,40,0,0,0,5,0,90
"2455, NSW",31,11,0,48,0,0,0,9,11,109
"2456, NSW",92,16,0,96,3,3,0,24,18,256
"2460, NSW",145,14,0,202,3,4,0,28,37,437
"2462, NSW",6,0,0,16,0,0,0,5,4,27
"2463, NSW",19,3,0,37,0,5,0,12,8,84
"2464, NSW",62,19,0,109,0,4,0,29,43,263
"2465, NSW",0,0,0,0,0,0,0,0,0,5
"2466, NSW",12,0,0,23,0,0,0,5,13,54
"2469, NSW",0,0,0,4,0,0,0,0,0,9
"2470, NSW",19,0,0,42,0,0,0,9,13,81
"2471, NSW",0,3,0,5,0,0,0,0,6,11
"2472, NSW",4,0,0,0,0,0,0,4,0,6
"2473, NSW",83,36,0,124,3,5,0,25,52,328
"2474, NSW",0,0,0,7,0,0,0,8,6,16
"2475, NSW",0,0,0,0,0,0,0,0,0,0
"2476, NSW",0,0,0,4,0,0,0,0,0,5
"2477, NSW",173,72,0,201,6,6,0,30,39,521
"2478, NSW",536,254,0,744,13,45,14,193,203,2004
"2479, NSW",11,3,0,6,0,5,0,3,3,35
"2480, NSW",239,110,0,655,4,15,10,142,102,1295
"2481, NSW",49,71,0,177,4,0,0,53,65,418
"2482, NSW",7,4,0,24,0,0,0,9,11,50
"2483, NSW",17,13,0,59,0,0,0,8,22,124
"2484, NSW",20,13,0,135,6,0,0,19,19,217
"2485, NSW",334,172,0,318,5,21,7,110,96,1064
"2486, NSW",1182,318,0,733,15,59,16,198,199,2725
"2487, NSW",95,68,0,135,7,5,3,32,34,375
"2488, NSW",44,65,0,88,0,0,0,21,20,232
"2489, NSW",64,54,0,92,3,0,0,22,34,263
"2490, NSW",0,0,0,0,0,0,0,0,0,0
"2500, NSW",141,68,0,257,6,0,0,43,65,582
"2502, NSW",17,12,0,91,0,0,0,11,22,154
"2505, NSW",3,8,0,47,0,0,0,4,10,76
"2506, NSW",11,0,0,21,0,12,0,10,8,64
"2508, NSW",13,7,0,16,0,0,0,4,5,44
"2515, NSW",33,17,0,47,3,6,0,7,20,129
"2516, NSW",14,11,0,54,0,0,0,4,13,102
"2517, NSW",71,55,0,124,4,0,0,16,28,308
"2518, NSW",220,112,0,541,9,21,4,75,115,1106
"2519, NSW",148,49,0,269,3,6,0,36,51,560
"2522, NSW",0,0,0,0,0,0,0,0,0,0
"2525, NSW",34,31,0,88,0,0,0,15,21,186
"2526, NSW",54,26,0,98,0,51,9,16,15,267
"2527, NSW",188,137,0,296,4,10,3,63,52,750
"2528, NSW",172,42,18,226,3,17,13,61,37,590
"2529, NSW",214,107,0,353,6,11,3,52,56,802
"2530, NSW",237,116,0,320,3,21,6,58,91,859
"2533, NSW",86,39,0,60,0,0,0,9,41,238
"2534, NSW",20,13,0,15,0,0,0,9,16,65
"2535, NSW",106,25,0,82,0,6,3,16,55,294
"2536, NSW",150,23,0,124,0,12,10,57,136,514
"2537, NSW",79,12,0,64,4,42,7,29,85,321
"2538, NSW",13,0,0,13,0,9,5,8,5,47
"2539, NSW",81,9,0,128,0,0,0,33,46,303
"2541, NSW",202,70,0,670,7,12,9,124,149,1244
"2545, NSW",0,0,0,0,0,0,0,0,0,0
"2546, NSW",103,22,0,89,0,0,0,19,80,324
"2548, NSW",120,31,0,129,3,18,8,28,76,422
"2549, NSW",123,17,0,48,0,4,0,22,30,242
"2550, NSW",44,13,0,109,0,3,13,22,28,232
"2551, NSW",15,6,0,54,0,0,0,10,11,96
"2555, NSW",0,0,0,0,0,0,0,0,0,0
"2556, NSW",5,0,0,4,0,0,0,0,0,9
"2557, NSW",0,6,0,3,0,0,0,0,0,9
"2558, NSW",37,57,0,73,0,0,0,12,10,191
"2559, NSW",3,0,0,107,0,3,0,41,14,172
"2560, NSW",292,285,3,637,6,53,15,161,103,1568
"2563, NSW",0,0,0,0,0,0,0,0,0,0
"2564, NSW",138,209,0,264,3,0,6,47,38,711
"2565, NSW",158,223,0,366,9,3,0,67,54,893
"2566, NSW",66,119,0,263,5,3,0,42,33,535
"2567, NSW",61,100,0,144,0,4,4,33,40,393
"2568, NSW",63,0,0,4,0,24,10,8,8,109
"2569, NSW",0,0,0,0,0,0,0,0,0,6
"2570, NSW",148,30,0,188,0,57,31,83,52,590
"2571, NSW",20,15,0,46,0,0,0,10,11,97
"2572, NSW",52,17,0,30,0,32,3,17,17,173
"2573, NSW",20,14,0,32,0,0,0,10,12,82
"2574, NSW",78,6,0,13,0,33,3,15,3,153
"2575, NSW",33,5,0,73,0,14,0,19,21,173
"2576, NSW",157,26,0,124,3,6,0,29,66,423
"2577, NSW",82,22,0,159,0,0,0,25,33,330
"2578, NSW",8,7,0,7,0,0,0,0,3,18
"2579, NSW",0,0,0,0,0,0,0,0,0,5
"2580, NSW",167,73,0,435,6,20,15,68,143,927
"2581, NSW",0,0,0,9,0,0,0,0,0,11
"2582, NSW",47,23,0,101,0,16,6,26,26,249
"2583, NSW",24,5,0,22,0,0,0,10,0,63
"2584, NSW",0,0,0,0,0,0,0,0,0,0
"2585, NSW",0,0,0,0,0,0,0,0,0,0
"2586, NSW",0,0,0,4,0,0,0,4,4,10
"2587, NSW",4,4,0,10,0,0,0,8,12,47
"2588, NSW",0,0,0,0,0,0,0,0,0,0
"2590, NSW",31,0,0,58,0,13,8,9,16,129
"2594, NSW",32,12,0,147,0,0,0,22,29,239
"2619, NSW",54,120,0,157,0,0,0,13,40,393
"2621, NSW",3,0,0,6,0,0,0,0,0,14
"2622, NSW",0,0,0,16,0,0,0,7,0,29
"2623, NSW",0,0,0,0,0,0,0,0,0,0
"2625, NSW",0,0,0,0,0,0,0,0,0,0
"2626, NSW",0,0,0,0,0,0,0,0,0,0
"2627, NSW",13,0,0,41,0,0,7,3,35,106
"2628, NSW",4,5,0,16,0,0,0,0,9,31
"2629, NSW",0,0,0,0,0,0,0,0,0,0
"2630, NSW",17,7,0,66,8,0,0,25,23,138
"2631, NSW",0,0,0,0,0,0,0,0,0,0
"2632, NSW",0,0,0,8,0,0,0,0,8,12
"2633, NSW",0,0,0,0,0,0,0,0,0,3
"2640, NSW",240,171,0,1303,15,7,0,214,353,2309
"2641, NSW",173,104,0,824,3,5,0,118,165,1398
"2642, NSW",3,5,0,10,0,0,0,0,5,20
"2643, NSW",12,0,0,20,0,0,0,10,7,43
"2644, NSW",4,0,0,3,0,0,0,0,7,17
"2645, NSW",0,0,0,0,0,0,0,0,0,0
"2646, NSW",39,15,0,53,0,4,0,11,20,142
"2647, NSW",18,0,0,11,0,6,0,4,13,60
"2648, NSW",3,0,0,6,0,0,0,0,3,13
"2649, NSW",0,0,0,0,0,0,0,0,0,0
"2650, NSW",179,51,0,404,5,33,31,85,143,945
"2651, NSW",0,0,0,0,0,0,0,0,0,0
"2652, NSW",0,0,0,0,0,0,0,0,0,3
"2653, NSW",4,0,0,14,0,0,0,0,0,15
"2655, NSW",0,0,0,7,0,0,0,0,0,0
"2656, NSW",0,0,0,0,0,0,0,0,0,0
"2658, NSW",0,0,0,5,0,0,0,4,5,21
"2659, NSW",0,0,0,0,0,0,0,0,0,4
"2660, NSW",0,3,0,6,0,0,0,0,3,11
"2661, NSW",0,0,0,0,0,0,0,0,0,0
"2663, NSW",7,3,0,27,0,0,0,3,8,44
"2665, NSW",0,0,0,4,0,0,0,0,0,9
"2666, NSW",9,3,0,17,0,0,0,6,12,51
"2668, NSW",0,0,0,0,0,0,0,0,0,0
"2669, NSW",0,0,0,0,0,0,0,0,0,0
"2671, NSW",4,0,0,5,0,0,0,3,0,14
"2672, NSW",0,0,0,0,0,0,0,3,0,7
"2675, NSW",0,0,0,0,0,0,0,0,0,0
"2678, NSW",0,0,0,0,0,0,0,0,0,0
"2680, NSW",93,34,0,222,0,14,3,56,59,483
"2681, NSW",4,0,0,4,0,0,0,0,0,11
"2700, NSW",9,4,0,20,0,0,0,26,9,68
"2701, NSW",0,0,0,0,0,0,0,0,0,5
"2702, NSW",0,0,0,0,0,0,0,0,0,0
"2703, NSW",0,0,0,8,0,0,0,7,0,18
"2705, NSW",40,16,0,104,0,0,0,12,43,214
"2706, NSW",0,0,0,3,0,0,0,0,0,3
"2707, NSW",0,0,0,0,0,0,0,0,0,0
"2710, NSW",8,3,0,55,0,0,0,19,14,101
"2711, NSW",0,0,0,20,0,0,0,0,11,36
"2712, NSW",0,0,0,0,0,0,0,0,0,0
"2713, NSW",9,3,0,35,0,0,0,8,8,59
"2714, NSW",5,0,0,16,0,0,0,0,13,41
"2715, NSW",0,0,0,13,0,0,0,3,9,24
"2716, NSW",0,0,0,0,0,0,0,0,0,0
"2717, NSW",0,0,0,21,0,0,0,3,3,26
"2720, NSW",16,0,0,48,3,5,0,14,19,108
"2721, NSW",0,0,0,0,0,0,0,0,0,0
"2722, NSW",5,0,0,18,4,0,0,3,9,34
"2725, NSW",0,0,0,0,0,0,0,0,0,0
"2726, NSW",0,0,0,0,0,0,0,0,0,0
"2727, NSW",0,0,0,0,0,0,0,0,0,0
"2729, NSW",0,0,0,3,0,0,0,0,0,3
"2730, NSW",0,0,0,3,0,0,0,7,3,16
"2731, NSW",51,8,0,32,3,18,5,13,36,162
"2732, NSW",20,4,0,17,6,0,0,6,8,55
"2733, NSW",0,0,0,0,0,0,0,0,0,0
"2734, NSW",0,0,0,0,0,0,0,0,0,0
"2735, NSW",0,0,0,0,0,0,0,0,0,0
"2736, NSW",0,0,0,0,0,0,0,0,0,0
"2737, NSW",0,0,0,3,0,0,0,0,0,3
"2738, NSW",0,0,0,0,0,0,0,0,0,0
"2739, NSW",0,0,0,7,0,0,0,0,4,17
"2745, NSW",34,39,0,65,0,0,0,13,10,166
"2747, NSW",129,187,0,349,3,24,4,72,66,828
"2748, NSW",0,0,0,4,0,0,0,0,0,9
"2749, NSW",26,49,0,131,0,0,0,32,20,254
"2750, NSW",398,110,0,452,13,6,0,143,86,1208
"2752, NSW",3,3,0,0,0,0,0,0,0,10
"2753, NSW",156,66,0,289,0,0,0,64,49,631
"2754, NSW",51,48,0,107,0,3,0,7,20,228
"2755, NSW",0,0,0,0,0,0,0,0,0,0
"2756, NSW",103,182,0,504,7,4,0,93,79,969
"2757, NSW",0,0,0,0,0,0,0,0,0,0
"2758, NSW",0,0,0,13,0,0,0,3,0,18
"2759, NSW",3,10,0,25,0,0,0,0,5,55
"2760, NSW",88,119,0,309,0,0,0,77,54,639
"2761, NSW",46,72,0,113,6,15,11,24,21,304
"2762, NSW",40,93,3,51,0,0,0,9,9,192
"2763, NSW",706,1554,0,616,8,0,5,46,43,2987
"2765, NSW",62,16,0,33,4,0,5,30,7,158
"2766, NSW",27,39,0,96,0,5,0,17,11,199
"2767, NSW",16,21,0,102,0,3,0,24,18,177
"2768, NSW",40,98,0,41,3,0,0,0,0,187
"2769, NSW",73,237,0,90,0,17,4,17,8,452
"2770, NSW",100,219,4,482,3,4,0,102,55,966
"2773, NSW",23,5,0,25,0,6,0,10,5,71
"2774, NSW",41,14,0,42,0,0,0,5,9,122
"2775, NSW",0,0,0,0,0,0,0,0,0,0
"2776, NSW",4,0,0,9,0,0,0,0,4,11
"2777, NSW",95,20,0,117,0,25,13,17,27,314
"2778, NSW",0,3,0,0,0,0,0,0,0,5
"2779, NSW",17,3,0,17,0,0,0,6,13,52
"2780, NSW",37,12,0,128,0,9,6,46,50,278
"2782, NSW",26,6,0,35,3,0,0,0,4,79
"2783, NSW",4,0,0,5,0,0,0,0,0,11
"2784, NSW",0,0,0,6,0,0,0,0,0,13
"2785, NSW",4,0,0,27,0,0,0,3,8,42
"2786, NSW",0,0,0,0,0,0,0,0,0,6
"2787, NSW",0,0,0,7,0,0,0,7,3,20
"2790, NSW",100,19,0,267,0,17,3,57,102,562
"2791, NSW",0,0,0,0,0,0,0,0,0,3
"2792, NSW",0,0,0,0,0,0,0,0,0,0
"2793, NSW",0,0,0,0,0,0,0,0,0,0
"2794, NSW",41,13,0,78,5,5,8,30,20,195
"2795, NSW",244,124,0,727,8,5,3,131,252,1496
"2797, NSW",0,0,0,0,0,0,0,0,0,0
"2798, NSW",0,0,0,0,0,0,0,0,0,0
"2799, NSW",3,3,0,19,0,0,0,3,6,32
"2800, NSW",223,87,0,846,9,12,7,154,230,1563
"2803, NSW",0,0,0,0,0,0,0,0,0,0
"2804, NSW",0,0,0,3,0,0,0,0,0,5
"2805, NSW",0,0,0,0,0,0,0,0,0,0
"2806, NSW",0,0,0,3,0,0,0,0,3,3
"2807, NSW",63,20,0,6,4,0,0,19,21,129
"2808, NSW",0,0,0,0,0,0,0,0,0,0
"2809, NSW",5,0,0,0,0,0,0,5,0,11
"2810, NSW",8,0,0,27,0,0,0,3,5,44
"2817, NSW",0,0,0,0,0,0,0,0,0,0
"2818, NSW",0,0,0,0,0,0,0,0,0,0
"2820, NSW",9,3,0,67,0,0,0,9,19,112
"2821, NSW",4,5,0,18,0,0,0,3,4,32
"2822, NSW",0,0,0,0,0,0,0,0,0,0
"2823, NSW",0,0,0,7,0,0,0,0,11,16
"2824, NSW",0,0,0,7,0,0,0,4,5,21
"2825, NSW",3,0,0,24,0,0,0,6,14,46
"2826, NSW",0,0,0,0,0,0,0,0,0,0
"2827, NSW",0,0,0,0,0,0,0,0,4,6
"2828, NSW",3,0,0,6,0,0,0,0,8,15
"2829, NSW",0,0,0,0,0,0,0,0,0,4
"2830, NSW",132,85,0,663,5,16,5,98,139,1145
"2831, NSW",0,0,0,0,0,0,0,0,0,0
"2832, NSW",0,0,0,0,0,0,0,0,0,4
"2833, NSW",0,0,0,0,0,0,0,0,0,0
"2834, NSW",0,0,0,0,0,0,0,0,0,3
"2835, NSW",0,0,0,26,0,0,0,3,16,40
"2836, NSW",0,0,0,9,0,0,0,3,12,22
"2838, NSW",0,0,0,0,0,0,0,0,0,0
"2839, NSW",0,0,0,0,0,0,0,0,4,5
"2840, NSW",0,0,0,15,0,0,0,9,0,22
"2842, NSW",0,0,0,0,0,0,0,0,0,0
"2843, NSW",0,0,0,0,0,0,0,0,0,0
"2844, NSW",0,0,0,0,0,0,0,0,0,0
"2845, NSW",6,0,0,12,0,0,0,7,0,22
"2846, NSW",0,0,0,0,0,0,0,0,0,0
"2847, NSW",3,4,0,0,0,0,0,0,0,10
"2848, NSW",0,0,0,9,0,0,0,3,5,15
"2849, NSW",0,0,0,0,0,0,0,0,0,0
"2850, NSW",45,26,0,189,4,4,0,46,75,383
"2852, NSW",0,0,0,35,0,0,0,11,3,56
"2864, NSW",0,0,0,0,0,0,0,0,3,0
"2865, NSW",0,0,0,0,0,0,0,0,0,0
"2866, NSW",0,0,0,14,0,0,0,3,0,21
"2867, NSW",0,0,0,0,0,0,0,0,0,0
"2868, NSW",0,0,0,0,0,0,0,0,0,0
"2869, NSW",0,0,0,6,0,0,0,6,5,14
"2870, NSW",27,11,0,90,0,0,0,34,35,193
"2871, NSW",28,0,3,81,0,0,0,16,28,153
"2873, NSW",0,0,0,0,0,0,0,0,0,0
"2874, NSW",0,0,0,0,0,0,0,0,0,0
"2875, NSW",0,0,0,0,0,0,0,0,0,0
"2876, NSW",0,0,0,0,0,0,0,0,0,0
"2877, NSW",0,0,0,6,0,0,0,4,0,12
"2878, NSW",0,0,0,0,0,0,0,0,0,0
"2879, NSW",0,0,0,6,0,0,0,3,3,14
"2880, NSW",32,11,0,105,0,4,0,21,71,244
"2898, NSW",0,0,0,0,0,0,0,0,0,0
"3000, VIC",0,0,0,5,0,0,0,0,0,11
"3002, VIC",49,19,0,41,4,0,0,7,10,125
"3003, VIC",40,41,0,95,5,0,3,23,23,228
"3004, VIC",0,0,0,0,0,0,0,0,0,0
"3005, VIC",0,0,0,0,0,0,0,0,0,0
"3006, VIC",0,0,0,13,0,0,0,0,3,15
"3008, VIC",0,0,0,0,0,0,0,0,0,4
"3010, VIC",0,0,0,0,0,0,0,0,0,0
"3011, VIC",52,122,0,266,0,3,0,45,59,556
"3012, VIC",128,247,0,633,10,3,6,117,130,1276
"3013, VIC",74,94,0,169,4,0,0,25,28,398
"3015, VIC",102,218,0,359,10,0,0,54,90,821
"3016, VIC",180,164,0,236,4,0,0,42,66,695
"3018, VIC",344,168,0,367,8,4,4,97,108,1101
"3019, VIC",94,123,0,466,6,9,4,81,63,837
"3020, VIC",241,270,5,638,12,0,3,125,118,1411
"3021, VIC",204,249,5,743,21,4,4,192,150,1566
"3022, VIC",17,41,0,60,3,0,0,14,8,139
"3023, VIC",230,268,4,301,4,32,15,75,74,1004
"3024, VIC",37,83,0,85,3,0,0,11,12,231
"3025, VIC",134,137,0,179,4,0,0,57,44,559
"3026, VIC",6,0,0,5,0,0,0,0,0,8
"3027, VIC",8,65,0,27,0,0,0,4,5,114
"3028, VIC",476,546,3,641,7,0,9,110,120,1911
"3029, VIC",683,1784,4,1132,12,46,28,188,188,4070
"3030, VIC",539,825,4,1395,11,67,23,233,247,3354
"3031, VIC",276,385,0,572,9,3,6,86,135,1473
"3032, VIC",222,247,0,312,5,0,6,51,81,930
"3033, VIC",118,116,0,135,7,0,0,40,38,445
"3034, VIC",108,94,0,98,0,6,0,24,36,358
"3036, VIC",73,14,0,28,0,34,15,24,38,225
"3037, VIC",421,612,4,579,7,31,6,112,104,1884
"3038, VIC",269,172,0,143,4,31,9,61,46,740
"3039, VIC",150,133,0,177,9,0,5,41,67,589
"3040, VIC",149,125,0,285,9,0,0,49,80,694
"3041, VIC",122,85,0,131,3,0,0,36,23,403
"3042, VIC",293,254,0,338,3,0,6,69,89,1049
"3043, VIC",146,261,0,551,10,0,0,106,87,1164
"3044, VIC",340,365,0,733,10,0,3,132,175,1745
"3045, VIC",0,0,0,0,0,0,0,0,0,0
"3046, VIC",222,348,0,756,14,3,5,136,161,1644
"3047, VIC",9,36,0,210,0,0,3,32,23,316
"3048, VIC",67,196,5,246,4,0,3,69,56,646
"3049, VIC",42,73,0,77,5,0,0,14,10,225
"3050, VIC",0,0,0,0,0,0,0,0,0,0
"3051, VIC",126,118,0,333,12,0,4,63,76,736
"3052, VIC",48,27,0,55,3,0,0,9,18,156
"3053, VIC",98,70,0,252,14,0,3,48,75,564
"3054, VIC",549,329,0,802,19,3,9,86,182,1984
"3055, VIC",101,127,0,315,0,4,6,42,51,641
"3056, VIC",362,367,3,895,21,0,5,119,182,1951
"3057, VIC",154,119,0,349,13,0,4,52,74,752
"3058, VIC",269,321,0,654,11,5,4,110,121,1490
"3059, VIC",16,30,0,26,0,0,0,4,6,90
"3060, VIC",53,51,0,186,0,0,0,37,32,364
"3061, VIC",9,12,0,23,0,0,0,9,12,68
"3062, VIC",0,0,0,0,0,0,0,0,0,0
"3063, VIC",0,0,0,0,0,0,0,0,0,0
"3064, VIC",154,488,0,603,0,6,7,131,78,1474
"3065, VIC",107,102,0,214,3,0,0,38,47,517
"3066, VIC",54,90,0,172,4,0,0,52,35,407
"3067, VIC",124,162,0,216,8,0,0,58,58,630
"3068, VIC",786,681,4,1032,26,5,12,203,270,3015
"3070, VIC",445,463,0,647,11,0,7,97,171,1844
"3071, VIC",162,181,0,359,10,3,0,50,72,841
"3072, VIC",335,394,6,1097,24,9,4,209,207,2278
"3073, VIC",535,748,3,2187,24,29,11,390,368,4301
"3074, VIC",45,89,0,239,4,5,3,60,48,495
"3075, VIC",31,62,0,97,3,0,0,35,19,251
"3076, VIC",296,430,8,519,3,23,10,91,91,1470
"3078, VIC",99,90,0,176,0,0,4,25,42,447
"3079, VIC",119,115,0,280,3,4,0,35,59,611
"3081, VIC",193,244,0,589,7,9,6,144,124,1316
"3082, VIC",356,364,0,308,12,0,0,60,43,1134
"3083, VIC",113,127,0,320,5,4,0,62,74,711
"3084, VIC",200,160,0,308,3,4,6,67,127,878
"3085, VIC",198,129,0,221,10,27,9,43,74,705
"3086, VIC",0,0,0,0,0,0,0,0,0,0
"3087, VIC",53,38,0,143,0,0,0,13,15,263
"3088, VIC",165,178,3,338,4,9,8,48,73,820
"3089, VIC",29,27,0,54,3,0,0,9,14,131
"3090, VIC",0,0,0,0,0,0,0,0,0,0
"3091, VIC",0,0,0,0,0,0,0,0,0,0
"3093, VIC",57,56,0,66,0,0,0,10,15,212
"3094, VIC",84,110,0,136,0,3,0,27,72,435
"3095, VIC",68,24,0,78,4,5,0,32,38,257
"3096, VIC",0,0,0,0,0,0,0,0,0,3
"3097, VIC",0,0,0,0,0,0,0,0,0,4
"3099, VIC",4,0,0,25,0,0,0,0,3,28
"3101, VIC",365,224,0,352,18,0,6,57,119,1141
"3102, VIC",121,72,0,123,4,0,0,17,40,379
"3103, VIC",427,161,3,386,22,3,7,45,158,1212
"3104, VIC",201,76,0,156,3,0,0,19,68,530
"3105, VIC",48,15,0,40,3,0,0,15,9,129
"3106, VIC",173,77,0,89,9,19,16,31,44,460
"3107, VIC",121,60,0,88,0,0,0,25,32,327
"3108, VIC",190,134,0,247,6,0,0,41,73,703
"3109, VIC",352,200,3,372,13,16,10,143,123,1239
"3111, VIC",93,42,0,65,0,35,10,26,49,318
"3113, VIC",0,0,0,9,0,0,0,0,0,10
"3114, VIC",0,0,0,0,0,0,0,0,0,0
"3115, VIC",0,0,0,0,0,0,0,0,0,0
"3116, VIC",0,9,0,0,0,0,0,0,0,18
"3121, VIC",772,679,0,1096,20,5,14,207,288,3083
"3122, VIC",446,334,0,369,5,6,11,82,119,1365
"3123, VIC",218,178,0,225,6,0,3,49,62,744
"3124, VIC",395,229,0,417,4,0,9,58,144,1260
"3125, VIC",292,96,0,263,6,54,14,63,97,878
"3126, VIC",160,88,0,201,5,4,0,29,73,557
"3127, VIC",382,278,0,576,16,9,3,63,170,1501
"3128, VIC",281,184,0,617,10,63,25,80,155,1416
"3129, VIC",416,295,0,484,17,3,4,50,132,1397
"3130, VIC",558,316,0,599,19,9,5,87,155,1742
"3131, VIC",440,375,3,766,10,46,18,121,166,1948
"3132, VIC",364,351,0,602,6,0,5,72,112,1508
"3133, VIC",242,168,4,202,4,60,12,24,80,797
"3134, VIC",137,95,6,461,0,12,3,91,145,945
"3135, VIC",38,79,0,224,5,5,0,47,69,463
"3136, VIC",128,189,0,313,0,0,0,112,119,860
"3137, VIC",201,105,6,119,4,47,6,53,65,601
"3138, VIC",48,45,0,102,0,0,0,30,45,266
"3139, VIC",7,5,0,3,0,0,0,0,3,15
"3140, VIC",319,142,0,338,0,31,10,88,113,1037
"3141, VIC",228,137,3,341,28,0,5,71,133,940
"3142, VIC",104,41,0,71,16,0,3,21,37,295
"3143, VIC",176,111,0,127,5,3,3,20,69,515
"3144, VIC",182,102,0,102,6,0,0,19,69,485
"3145, VIC",415,332,0,528,8,6,3,79,166,1539
"3146, VIC",384,280,0,418,11,11,7,52,123,1281
"3147, VIC",111,101,0,274,0,7,0,43,61,595
"3148, VIC",70,99,0,175,5,0,0,44,31,425
"3149, VIC",188,156,0,224,3,0,3,49,83,708
"3150, VIC",521,228,4,275,9,97,23,107,151,1405
"3151, VIC",170,103,0,128,6,40,4,21,42,506
"3152, VIC",349,110,5,162,8,257,54,102,144,1194
"3153, VIC",376,537,5,511,3,3,8,126,123,1691
"3154, VIC",6,11,0,11,0,0,0,0,4,34
"3155, VIC",400,379,0,584,9,0,3,115,143,1629
"3156, VIC",134,162,0,242,4,6,5,51,95,697
"3158, VIC",0,4,0,12,0,0,0,0,0,15
"3159, VIC",0,0,0,0,0,0,0,0,0,0
"3160, VIC",11,3,0,14,0,0,0,7,9,44
"3161, VIC",238,200,0,300,19,0,3,45,90,905
"3162, VIC",455,367,0,440,20,5,13,86,151,1541
"3163, VIC",774,701,0,1129,33,4,10,161,264,3079
"3165, VIC",224,255,0,278,10,0,6,50,67,889
"3166, VIC",243,217,0,565,8,6,3,82,133,1248
"3167, VIC",39,39,0,100,0,0,0,13,20,214
"3168, VIC",192,222,3,864,11,12,11,120,122,1549
"3169, VIC",192,246,0,701,13,3,8,123,107,1398
"3170, VIC",107,154,0,159,3,6,8,37,39,513
"3171, VIC",161,176,0,525,19,0,0,92,51,1020
"3172, VIC",354,191,0,251,10,18,3,68,77,977
"3173, VIC",88,101,0,114,3,0,0,17,20,353
"3174, VIC",132,192,0,722,6,6,0,153,156,1367
"3175, VIC",511,527,3,1928,17,20,18,343,322,3686
"3177, VIC",81,154,4,291,4,4,0,41,40,610
"3178, VIC",223,6,0,11,0,38,17,28,35,359
"3179, VIC",4,7,0,5,0,0,0,3,0,22
"3180, VIC",127,63,0,55,0,33,8,20,31,329
"3181, VIC",529,439,0,683,21,0,9,143,227,2052
"3182, VIC",217,228,0,255,3,0,5,76,89,871
"3183, VIC",204,244,0,254,10,0,0,54,92,859
"3184, VIC",208,225,0,182,0,5,3,42,58,714
"3185, VIC",217,151,0,226,18,0,0,47,78,728
"3186, VIC",333,169,0,377,15,7,4,48,133,1079
"3187, VIC",241,189,3,210,7,24,6,47,77,802
"3188, VIC",254,228,0,440,15,4,9,59,148,1155
"3189, VIC",17,42,0,73,0,0,0,20,8,159
"3190, VIC",235,288,0,341,6,5,3,44,89,1009
"3191, VIC",209,138,0,205,3,0,3,39,70,660
"3192, VIC",358,356,0,455,15,8,3,59,121,1377
"3193, VIC",354,188,0,272,4,3,3,59,101,998
"3194, VIC",347,304,5,573,22,0,8,75,155,1482
"3195, VIC",626,710,0,782,6,10,7,158,228,2525
"3196, VIC",447,517,0,537,4,3,7,111,137,1756
"3197, VIC",275,208,6,234,7,20,21,82,117,974
"3198, VIC",219,227,7,513,0,91,17,125,125,1316
"3199, VIC",541,437,7,1556,9,281,31,314,333,3515
"3200, VIC",5,3,0,86,0,0,0,21,11,128
"3201, VIC",231,342,0,503,8,20,12,122,116,1356
"3202, VIC",8,14,0,26,0,0,0,6,4,55
"3204, VIC",376,361,0,545,6,5,3,98,131,1523
"3205, VIC",254,239,0,367,9,3,3,57,113,1042
"3206, VIC",647,415,0,504,13,4,3,102,270,1969
"3207, VIC",421,397,0,488,20,4,12,96,183,1618
"3211, VIC",0,0,0,0,0,0,0,0,0,0
"3212, VIC",93,120,0,256,4,0,3,36,44,557
"3213, VIC",0,0,0,27,0,0,0,0,6,33
"3214, VIC",51,67,0,601,3,4,0,119,85,922
"3215, VIC",134,127,0,529,8,0,4,80,113,982
"3216, VIC",625,368,4,1294,17,65,17,190,301,2879
"3217, VIC",0,3,0,3,0,0,0,0,0,12
"3218, VIC",79,48,0,234,0,0,0,39,51,453
"3219, VIC",147,143,0,659,0,0,0,90,163,1203
"3220, VIC",183,110,0,567,7,7,0,105,161,1133
"3221, VIC",0,0,0,0,0,0,0,0,0,0
"3222, VIC",65,23,0,74,0,0,0,8,22,190
"3223, VIC",34,10,0,72,0,0,0,23,89,222
"3224, VIC",128,48,0,107,3,13,9,26,43,377
"3225, VIC",48,11,0,30,0,0,0,11,77,172
"3226, VIC",83,45,0,131,5,0,0,25,139,439
"3227, VIC",39,11,0,16,3,0,0,9,65,149
"3228, VIC",72,35,0,118,3,11,3,14,143,400
"3230, VIC",4,3,0,8,0,0,0,9,20,49
"3231, VIC",0,0,0,0,0,0,0,0,12,12
"3232, VIC",0,0,0,4,0,0,0,0,28,36
"3233, VIC",4,0,0,27,0,0,0,6,43,74
"3234, VIC",0,0,0,0,0,0,0,0,0,0
"3235, VIC",0,0,0,0,0,0,0,0,0,0
"3236, VIC",0,0,0,0,0,0,0,0,0,0
"3237, VIC",0,0,0,0,0,0,0,0,0,0
"3238, VIC",0,0,0,3,0,0,0,0,0,3
"3239, VIC",0,0,0,0,0,0,0,0,0,0
"3240, VIC",0,0,0,0,0,0,0,0,0,0
"3241, VIC",0,0,0,0,0,0,0,0,0,0
"3242, VIC",0,0,0,0,0,0,0,0,0,0
"3243, VIC",0,0,0,0,0,0,0,0,0,0
"3249, VIC",0,0,0,0,0,0,0,0,0,0
"3250, VIC",121,27,0,305,0,5,5,99,93,660
"3251, VIC",0,0,0,0,0,0,0,0,0,0
"3254, VIC",0,0,0,0,0,0,0,0,0,0
"3260, VIC",13,0,0,54,0,0,0,9,9,91
"3264, VIC",0,0,0,0,0,0,0,0,0,0
"3265, VIC",5,0,0,0,0,0,0,0,0,6
"3266, VIC",3,0,0,20,0,0,0,0,4,34
"3267, VIC",0,0,0,0,0,0,0,0,0,0
"3268, VIC",0,0,0,0,0,0,0,0,0,0
"3269, VIC",0,0,0,0,0,0,0,0,0,0
"3270, VIC",0,0,0,0,0,0,0,0,0,3
"3271, VIC",0,0,0,0,0,0,0,0,0,0
"3272, VIC",8,0,0,3,0,0,0,0,0,10
"3273, VIC",0,0,0,0,0,0,0,0,0,0
"3274, VIC",0,0,0,0,0,0,0,0,0,0
"3275, VIC",0,0,0,0,0,0,0,0,0,0
"3276, VIC",0,0,0,0,0,0,0,0,0,0
"3277, VIC",0,0,0,0,0,0,0,0,0,0
"3278, VIC",0,0,0,0,0,0,0,0,0,0
"3279, VIC",0,0,0,0,0,0,0,0,0,0
"3280, VIC",311,120,0,715,8,25,6,163,253,1596
"3281, VIC",0,0,0,0,0,0,0,0,0,0
"3282, VIC",0,0,0,12,0,0,0,3,3,23
"3283, VIC",0,0,0,0,0,0,0,0,0,0
"3284, VIC",9,4,0,27,0,0,0,0,50,93
"3285, VIC",0,0,0,0,0,0,0,0,0,0
"3286, VIC",0,0,0,0,0,0,0,0,0,0
"3287, VIC",0,0,0,0,0,0,0,0,0,0
"3289, VIC",0,0,0,0,0,0,0,0,0,3
"3292, VIC",0,0,0,0,0,0,0,0,0,0
"3293, VIC",0,0,0,0,0,0,0,0,0,0
"3294, VIC",0,0,0,14,0,0,0,0,0,13
"3300, VIC",25,3,0,104,0,0,0,20,57,210
"3301, VIC",0,0,0,0,0,0,0,0,0,0
"3302, VIC",0,0,0,0,0,0,0,0,0,0
"3303, VIC",0,0,0,0,0,0,0,0,0,0
"3304, VIC",0,0,0,3,0,0,0,0,0,3
"3305, VIC",34,9,0,119,3,0,0,25,56,242
"3309, VIC",0,0,0,0,0,0,0,0,0,0
"3310, VIC",0,0,0,0,0,0,0,0,0,0
"3311, VIC",0,0,0,8,0,0,0,0,0,8
"3312, VIC",0,0,0,0,0,0,0,0,0,0
"3314, VIC",0,0,0,0,0,0,0,0,0,0
"3315, VIC",5,0,0,0,0,0,0,0,5,15
"3317, VIC",0,0,0,0,0,0,0,0,3,3
"3318, VIC",6,0,0,18,0,0,0,3,9,31
"3319, VIC",0,0,0,5,0,0,0,0,4,5
"3321, VIC",0,3,0,4,0,0,0,0,0,6
"3322, VIC",0,0,0,0,0,0,0,0,0,0
"3323, VIC",0,0,0,0,0,0,0,0,0,0
"3324, VIC",0,0,0,0,0,0,0,0,0,0
"3325, VIC",0,0,0,0,0,0,0,0,0,0
"3328, VIC",0,0,0,0,0,0,0,0,0,0
"3329, VIC",0,0,0,0,0,0,0,0,0,0
"3330, VIC",4,4,0,0,0,0,0,0,0,7
"3331, VIC",0,0,0,0,0,0,0,0,0,5
"3332, VIC",0,0,0,0,0,0,0,0,0,0
"3333, VIC",0,0,0,0,0,0,0,0,0,0
"3334, VIC",0,0,0,0,0,0,0,0,0,0
"3335, VIC",0,15,0,10,0,0,0,6,0,35
"3337, VIC",298,504,0,635,3,0,7,138,109,1692
"3338, VIC",70,97,0,397,6,0,0,69,67,709
"3340, VIC",133,147,0,326,0,4,5,75,75,772
"3341, VIC",0,0,0,0,0,0,0,0,0,0
"3342, VIC",0,0,0,17,0,0,0,3,0,21
"3345, VIC",0,0,0,0,0,0,0,0,0,0
"3350, VIC",596,330,0,1459,19,43,22,236,398,3112
"3351, VIC",0,0,0,0,0,0,0,0,0,0
"3352, VIC",3,0,0,0,0,0,0,5,0,11
"3355, VIC",202,79,0,425,7,0,0,93,98,904
"3356, VIC",289,347,3,884,3,4,0,109,117,1757
"3357, VIC",5,3,0,9,0,0,0,0,0,18
"3360, VIC",0,0,0,0,0,0,0,0,0,0
"3361, VIC",0,0,0,0,0,0,0,0,0,0
"3363, VIC",5,5,0,25,0,0,0,35,4,75
"3364, VIC",0,0,0,0,0,0,0,0,0,0
"3370, VIC",0,0,0,0,0,0,0,0,0,0
"3371, VIC",6,0,0,0,0,0,0,0,3,13
"3373, VIC",0,0,0,0,0,0,0,0,0,0
"3374, VIC",0,0,0,0,0,0,0,0,0,0
"3375, VIC",0,0,0,0,0,0,0,0,0,0
"3377, VIC",26,9,0,73,0,4,3,17,26,152
"3378, VIC",0,0,0,0,0,0,0,0,0,0
"3379, VIC",0,0,0,0,3,0,0,0,4,4
"3380, VIC",5,4,0,43,0,3,0,13,9,66
"3381, VIC",0,0,0,0,0,0,0,0,5,7
"3384, VIC",0,0,0,0,0,0,0,0,0,0
"3385, VIC",0,0,0,0,0,0,0,0,0,0
"3387, VIC",0,0,0,0,0,0,0,0,0,0
"3388, VIC",0,0,0,0,0,0,0,0,0,0
"3390, VIC",0,0,0,0,0,0,0,0,0,5
"3391, VIC",0,0,0,0,0,0,0,0,0,0
"3392, VIC",0,0,0,0,0,3,0,0,0,9
"3393, VIC",0,0,0,0,0,0,0,0,0,0
"3395, VIC",0,0,0,0,0,0,0,0,0,0
"3396, VIC",0,0,0,0,0,0,0,0,4,0
"3400, VIC",114,28,0,251,6,21,5,55,95,563
"3401, VIC",0,0,0,0,0,0,0,0,0,0
"3407, VIC",3,3,0,0,0,0,0,0,7,16
"3409, VIC",0,0,0,0,0,0,0,0,0,0
"3412, VIC",0,0,0,0,0,0,0,0,0,0
"3413, VIC",0,0,0,0,0,0,0,0,0,0
"3414, VIC",0,0,0,6,0,0,0,0,0,6
"3415, VIC",0,0,0,0,0,0,0,0,0,0
"3418, VIC",0,0,0,0,0,0,0,0,0,0
"3419, VIC",0,0,0,0,0,0,0,0,0,0
"3420, VIC",0,0,0,0,0,0,0,0,0,0
"3423, VIC",61,15,0,17,3,0,0,11,37,143
"3424, VIC",0,0,0,0,0,0,0,0,0,0
"3427, VIC",0,0,0,8,0,0,0,0,0,6
"3428, VIC",0,0,0,0,0,0,0,0,0,0
"3429, VIC",156,55,0,184,0,4,9,54,85,537
"3430, VIC",0,0,0,0,0,0,0,0,0,0
"3431, VIC",15,13,0,25,0,0,0,3,7,63
"3432, VIC",0,0,0,0,0,0,0,0,0,0
"3433, VIC",0,0,0,0,0,0,0,0,0,0
"3434, VIC",9,3,0,19,0,0,0,6,3,44
"3435, VIC",0,0,0,7,0,0,0,6,0,17
"3437, VIC",80,68,0,171,3,3,0,44,68,430
"3438, VIC",13,4,0,0,0,0,0,4,6,28
"3440, VIC",0,0,0,0,0,0,0,0,0,0
"3441, VIC",0,0,0,0,0,0,0,0,0,0
"3442, VIC",18,8,0,35,0,0,0,8,11,82
"3444, VIC",30,10,0,110,0,0,0,10,23,189
"3446, VIC",0,0,0,0,0,0,0,0,0,0
"3447, VIC",0,0,0,0,0,0,0,0,0,0
"3448, VIC",0,0,0,0,0,0,0,0,0,0
"3450, VIC",56,11,0,134,0,0,0,32,34,272
"3451, VIC",0,0,0,22,0,0,0,5,5,40
"3453, VIC",0,0,0,0,0,0,0,0,0,0
"3458, VIC",0,0,0,0,0,0,0,0,0,3
"3460, VIC",0,0,0,32,0,0,0,7,37,78
"3461, VIC",4,0,0,0,0,0,0,0,14,18
"3462, VIC",0,0,0,3,0,0,0,0,0,12
"3463, VIC",3,0,0,3,0,0,0,0,3,9
"3464, VIC",0,0,0,9,0,0,0,0,8,16
"3465, VIC",76,17,0,160,0,20,8,36,49,369
"3467, VIC",0,0,0,0,0,0,0,0,0,0
"3468, VIC",0,0,0,0,0,0,0,0,0,0
"3469, VIC",0,0,0,0,0,0,0,0,0,0
"3472, VIC",0,0,0,3,0,0,0,0,0,5
"3475, VIC",0,0,0,0,0,0,0,0,0,0
"3477, VIC",0,0,0,0,0,0,0,0,0,0
"3478, VIC",5,0,0,17,0,0,0,6,6,35
"3480, VIC",6,0,0,9,0,0,0,0,3,22
"3482, VIC",0,0,0,0,0,0,0,0,0,0
"3483, VIC",0,0,0,0,0,0,0,0,0,0
"3485, VIC",0,0,0,0,0,0,0,0,0,0
"3487, VIC",0,0,0,0,0,0,0,0,0,0
"3488, VIC",0,0,0,0,0,0,0,0,0,0
"3489, VIC",0,0,0,0,0,0,0,0,0,0
"3490, VIC",0,0,0,0,0,0,0,0,0,0
"3491, VIC",0,0,0,0,0,0,0,0,0,0
"3494, VIC",0,0,0,0,0,0,0,0,0,0
"3496, VIC",3,0,0,3,0,0,0,0,0,11
"3498, VIC",0,0,0,4,0,0,0,0,0,9
"3500, VIC",381,148,0,907,7,75,15,233,184,1953
"3501, VIC",0,0,0,0,0,0,0,0,0,0
"3505, VIC",3,8,0,7,0,0,0,4,0,26
"3506, VIC",0,0,0,0,0,0,0,0,0,0
"3507, VIC",0,0,0,0,0,0,0,0,0,0
"3509, VIC",0,0,0,0,0,0,0,0,0,0
"3512, VIC",0,0,0,0,0,0,0,0,0,3
"3515, VIC",0,0,0,0,0,0,0,0,0,0
"3516, VIC",0,0,0,0,0,0,0,0,0,0
"3517, VIC",0,0,0,0,0,0,0,0,0,0
"3518, VIC",0,0,0,0,0,0,0,0,0,4
"3520, VIC",0,0,0,0,0,0,0,0,0,0
"3521, VIC",0,0,0,0,0,0,0,0,0,0
"3522, VIC",0,0,0,0,0,0,0,0,0,0
"3523, VIC",0,0,0,0,0,0,0,0,0,10
"3525, VIC",0,0,0,8,0,0,0,6,0,9
"3527, VIC",0,0,0,0,0,0,0,0,0,4
"3529, VIC",0,0,0,0,0,0,0,0,0,0
"3530, VIC",0,0,0,0,0,0,0,0,0,0
"3531, VIC",0,0,0,0,0,0,0,0,0,0
"3533, VIC",3,0,0,3,0,0,0,0,0,3
"3537, VIC",0,0,0,0,0,0,0,0,0,0
"3540, VIC",0,0,0,0,0,0,0,0,0,0
"3542, VIC",0,0,0,0,0,0,0,0,0,0
"3544, VIC",0,0,0,0,0,0,0,0,0,0
"3546, VIC",0,0,0,6,0,0,0,0,3,5
"3549, VIC",0,0,0,22,0,0,0,5,3,25
"3550, VIC",345,160,0,1396,10,10,9,271,360,2557
"3551, VIC",5,0,0,6,0,0,0,3,3,21
"3555, VIC",109,61,0,353,0,0,0,73,60,659
"3556, VIC",41,10,0,194,0,3,0,36,105,393
"3557, VIC",0,0,0,5,0,0,0,0,0,0
"3558, VIC",0,0,0,0,0,0,0,0,0,0
"3559, VIC",0,0,0,0,0,0,0,0,0,0
"3561, VIC",5,0,0,21,0,5,0,5,3,31
"3562, VIC",0,0,0,0,0,0,0,0,0,0
"3563, VIC",0,0,0,3,0,0,0,0,3,15
"3564, VIC",130,54,0,426,5,10,5,90,105,825
"3565, VIC",0,0,0,0,0,0,0,0,0,0
"3566, VIC",0,0,0,0,0,0,0,0,0,0
"3567, VIC",0,0,0,0,0,0,0,0,0,0
"3568, VIC",0,0,0,5,0,0,0,3,0,8
"3570, VIC",0,0,0,0,0,0,0,0,0,0
"3571, VIC",0,0,0,0,0,0,0,0,0,0
"3572, VIC",0,0,0,0,0,0,0,0,0,0
"3573, VIC",0,0,0,0,0,0,0,0,0,0
"3575, VIC",0,0,0,8,0,0,0,0,0,8
"3576, VIC",0,0,0,0,0,0,0,0,0,0
"3579, VIC",0,0,0,0,0,0,0,0,3,7
"3580, VIC",0,0,0,0,0,0,0,0,0,0
"3581, VIC",0,0,0,0,0,0,0,0,0,0
"3583, VIC",0,0,0,0,0,0,0,0,0,0
"3584, VIC",0,0,0,0,0,0,0,0,0,0
"3585, VIC",51,22,0,165,4,0,0,42,41,327
"3586, VIC",0,0,0,0,0,0,0,0,0,0
"3588, VIC",0,0,0,0,0,0,0,0,0,0
"3589, VIC",0,0,0,0,0,0,0,0,0,0
"3590, VIC",0,0,0,0,0,0,0,0,0,0
"3591, VIC",0,0,0,0,0,0,0,0,0,0
"3594, VIC",0,0,0,0,0,0,0,0,0,0
"3595, VIC",0,0,0,0,0,0,0,0,0,0
"3596, VIC",0,0,0,0,0,0,0,0,0,0
"3597, VIC",0,0,0,0,0,0,0,0,0,0
"3599, VIC",0,0,0,0,0,0,0,0,0,0
"3607, VIC",0,0,0,0,0,0,0,0,0,0
"3608, VIC",0,0,0,16,0,0,0,5,4,26
"3610, VIC",0,0,0,10,0,0,0,0,3,19
"3612, VIC",0,0,0,5,0,0,0,4,4,19
"3614, VIC",0,0,0,0,0,0,0,0,0,0
"3616, VIC",31,14,0,89,0,0,0,11,18,168
"3617, VIC",0,0,0,0,0,0,0,0,0,0
"3618, VIC",0,0,0,0,0,0,0,0,0,0
"3620, VIC",27,0,0,18,0,0,0,6,8,61
"3621, VIC",5,0,0,0,0,0,0,0,0,11
"3622, VIC",0,0,0,0,0,0,0,0,0,0
"3623, VIC",0,0,0,0,0,0,0,0,0,3
"3624, VIC",0,0,0,0,0,0,0,0,0,0
"3629, VIC",106,27,0,271,0,16,0,57,70,543
"3630, VIC",206,107,0,981,10,21,4,225,208,1766
"3631, VIC",19,17,0,24,0,0,0,4,0,63
"3633, VIC",0,0,0,0,0,0,0,0,0,0
"3634, VIC",0,0,0,0,0,0,0,0,0,0
"3635, VIC",0,0,0,0,0,0,0,0,0,0
"3636, VIC",33,14,0,49,0,0,5,13,13,122
"3637, VIC",0,0,0,0,0,0,0,0,0,0
"3638, VIC",0,0,0,3,0,0,0,0,0,6
"3639, VIC",0,0,0,0,0,0,0,0,0,5
"3640, VIC",0,0,0,0,0,0,0,0,0,0
"3641, VIC",0,0,0,3,0,0,0,0,0,3
"3646, VIC",0,0,0,0,0,0,0,0,0,0
"3647, VIC",0,0,0,0,0,0,0,0,0,0
"3649, VIC",0,0,0,0,0,0,0,0,0,0
"3658, VIC",3,0,0,34,0,0,0,3,5,44
"3659, VIC",0,0,0,0,0,0,0,0,0,0
"3660, VIC",4,4,0,18,0,0,0,9,4,40
"3662, VIC",0,0,0,0,0,0,0,0,0,0
"3663, VIC",0,0,0,0,0,0,0,0,0,0
"3664, VIC",0,0,0,0,0,0,0,0,0,0
"3665, VIC",0,0,0,0,0,0,0,0,0,0
"3666, VIC",23,6,0,57,0,3,0,11,15,114
"3669, VIC",0,0,0,5,0,0,0,0,0,7
"3670, VIC",0,0,0,0,0,0,0,0,0,0
"3672, VIC",8,3,0,51,0,0,0,7,3,71
"3673, VIC",0,0,0,0,0,0,0,0,0,0
"3675, VIC",0,0,0,0,0,0,0,0,0,0
"3677, VIC",200,68,0,648,9,24,14,132,177,1275
"3678, VIC",0,0,0,4,0,0,0,0,0,5
"3682, VIC",0,0,0,0,0,0,0,0,0,0
"3683, VIC",0,0,0,0,0,0,0,0,0,0
"3685, VIC",7,4,0,9,0,0,0,0,4,28
"3687, VIC",0,0,0,0,0,0,0,0,0,0
"3688, VIC",0,0,0,0,0,0,0,0,0,0
"3690, VIC",212,118,0,986,12,7,0,175,207,1718
"3694, VIC",0,0,0,0,0,0,0,0,0,0
"3695, VIC",0,0,0,0,0,0,0,0,0,0
"3697, VIC",0,0,0,0,0,0,0,0,0,0
"3698, VIC",0,0,0,0,0,0,0,0,0,0
"3699, VIC",0,0,0,5,0,0,0,5,3,18
"3700, VIC",7,0,0,9,0,0,0,10,5,30
"3701, VIC",0,0,0,0,0,0,0,0,0,5
"3704, VIC",0,0,0,0,0,0,0,0,0,0
"3705, VIC",0,0,0,0,0,0,0,0,0,0
"3708, VIC",0,0,0,0,0,0,0,0,0,0
"3709, VIC",0,0,0,0,0,0,0,0,0,0
"3711, VIC",0,0,0,0,0,0,0,0,0,0
"3712, VIC",0,0,0,0,0,0,0,0,0,0
"3713, VIC",0,0,0,0,0,0,0,4,0,15
"3714, VIC",28,0,0,56,0,0,0,26,18,129
"3715, VIC",0,0,0,0,0,0,0,0,0,0
"3717, VIC",7,4,0,5,0,0,0,0,0,13
"3718, VIC",0,0,0,0,0,0,0,0,0,0
"3719, VIC",0,0,0,0,0,0,0,0,0,0
"3720, VIC",0,0,0,0,0,0,0,0,0,0
"3722, VIC",14,0,0,22,0,0,0,0,11,49
"3723, VIC",0,0,0,5,9,0,0,0,0,10
"3725, VIC",0,0,0,0,0,0,0,0,0,0
"3726, VIC",0,0,0,0,0,0,0,0,0,0
"3727, VIC",0,0,0,0,0,0,0,0,0,0
"3728, VIC",0,0,0,0,0,0,0,0,0,0
"3730, VIC",26,3,0,46,0,0,0,14,39,134
"3732, VIC",0,0,0,0,0,0,0,0,0,0
"3733, VIC",0,0,0,0,0,0,0,0,0,0
"3735, VIC",0,0,0,0,0,0,0,0,0,0
"3737, VIC",7,4,0,46,0,0,0,6,20,82
"3738, VIC",0,0,0,0,0,0,0,0,0,0
"3739, VIC",0,0,0,0,0,0,0,0,0,0
"3740, VIC",0,3,0,6,0,0,0,3,0,17
"3741, VIC",11,3,0,44,0,0,6,7,37,114
"3744, VIC",0,0,0,0,0,0,0,0,0,0
"3746, VIC",0,0,0,0,0,0,0,0,0,0
"3747, VIC",20,3,0,27,0,0,0,8,3,58
"3749, VIC",0,0,0,18,0,0,0,3,0,27
"3750, VIC",10,26,0,18,0,0,0,4,8,61
"3751, VIC",0,0,0,0,0,0,0,0,0,0
"3752, VIC",94,234,0,191,0,0,0,29,41,591
"3753, VIC",0,4,0,0,0,0,0,0,0,4
"3754, VIC",130,390,0,198,0,17,0,24,62,837
"3755, VIC",0,0,0,0,0,0,0,0,0,0
"3756, VIC",15,37,0,75,0,0,0,30,13,168
"3757, VIC",18,10,0,63,0,0,0,14,12,118
"3758, VIC",0,0,0,0,0,0,0,0,3,7
"3759, VIC",0,0,0,0,0,0,0,0,0,0
"3760, VIC",0,0,0,0,0,0,0,0,0,0
"3761, VIC",0,0,0,0,0,0,0,0,0,0
"3762, VIC",0,0,0,0,0,0,0,0,0,0
"3763, VIC",0,0,0,0,0,0,0,0,0,0
"3764, VIC",81,21,0,83,0,11,0,30,32,262
"3765, VIC",26,8,0,47,3,27,13,14,30,165
"3766, VIC",0,0,0,0,0,0,0,0,0,0
"3767, VIC",4,0,0,0,0,0,0,8,0,13
"3770, VIC",0,4,0,0,0,0,0,0,0,0
"3775, VIC",16,5,0,18,0,0,0,4,8,54
"3777, VIC",99,50,0,117,0,6,0,28,29,332
"3778, VIC",0,0,0,0,0,0,0,0,0,0
"3779, VIC",0,0,0,0,0,0,0,0,0,0
"3781, VIC",0,0,0,0,0,0,0,0,0,0
"3782, VIC",0,0,0,0,0,0,0,0,0,0
"3783, VIC",0,0,0,0,0,0,0,0,0,0
"3785, VIC",0,0,0,0,0,0,0,0,0,0
"3786, VIC",0,0,0,0,0,0,0,0,0,0
"3787, VIC",0,0,0,0,0,0,0,0,0,3
"3788, VIC",0,0,0,3,0,0,0,3,0,11
"3789, VIC",0,0,0,0,0,0,0,0,0,0
"3791, VIC",0,0,0,5,0,0,0,3,0,11
"3792, VIC",0,0,0,0,0,0,0,0,0,0
"3793, VIC",4,0,0,14,0,6,0,0,3,35
"3795, VIC",0,0,0,3,0,0,0,0,0,4
"3796, VIC",32,4,0,8,0,24,0,5,13,102
"3797, VIC",6,6,0,0,0,0,0,0,0,20
"3799, VIC",4,0,0,13,0,0,0,5,5,23
"3800, VIC",0,0,0,0,0,0,0,0,0,0
"3802, VIC",155,221,0,115,0,0,0,24,13,532
"3803, VIC",86,161,0,165,4,0,0,35,26,475
"3804, VIC",5,10,0,3,0,0,0,0,0,19
"3805, VIC",138,329,0,194,0,6,0,31,39,740
"3806, VIC",559,153,5,255,10,96,36,84,136,1337
"3807, VIC",38,38,0,75,0,0,0,10,15,171
"3808, VIC",0,0,0,0,0,0,0,0,0,0
"3809, VIC",16,86,0,54,0,0,0,6,12,172
"3810, VIC",293,242,0,640,5,78,24,149,159,1593
"3812, VIC",0,6,0,12,0,0,0,0,4,23
"3813, VIC",0,0,0,0,0,0,0,0,0,0
"3814, VIC",0,0,0,0,0,0,0,0,0,3
"3815, VIC",24,3,0,25,0,0,0,4,9,72
"3816, VIC",7,7,0,11,0,0,0,3,0,31
"3818, VIC",61,22,0,116,0,0,0,29,24,261
"3820, VIC",63,22,0,190,7,0,0,44,51,372
"3821, VIC",0,0,0,0,0,0,0,0,0,3
"3822, VIC",0,0,0,0,0,0,0,0,0,0
"3823, VIC",0,0,0,11,0,0,0,3,0,12
"3824, VIC",8,3,0,36,0,0,0,9,4,64
"3825, VIC",173,52,0,516,0,18,7,100,185,1054
"3831, VIC",0,0,0,3,0,0,0,0,3,14
"3832, VIC",0,0,0,0,0,0,0,0,0,0
"3833, VIC",0,0,0,0,0,0,0,0,0,0
"3835, VIC",0,0,0,0,0,0,0,0,0,0
"3840, VIC",67,11,0,211,4,0,0,42,47,382
"3842, VIC",0,0,0,0,0,0,0,0,0,0
"3844, VIC",144,59,0,241,0,20,6,70,150,692
"3847, VIC",0,0,0,0,0,0,0,0,0,0
"3850, VIC",81,36,0,228,3,20,3,54,102,536
"3851, VIC",0,0,0,0,0,0,0,0,0,4
"3852, VIC",0,0,0,0,0,0,0,0,0,0
"3854, VIC",0,0,0,0,0,0,0,0,0,0
"3856, VIC",0,0,0,0,0,0,0,0,0,0
"3857, VIC",0,0,0,0,0,0,0,0,0,0
"3858, VIC",0,0,0,11,0,0,0,0,6,19
"3859, VIC",0,0,0,0,0,0,0,0,0,0
"3860, VIC",5,0,0,3,0,6,0,0,3,15
"3862, VIC",0,0,0,0,0,0,0,0,0,0
"3864, VIC",0,0,0,0,0,0,0,0,0,0
"3865, VIC",0,0,0,0,0,0,0,0,0,0
"3869, VIC",0,0,0,4,0,0,0,0,0,4
"3870, VIC",0,0,0,5,0,0,0,0,4,16
"3871, VIC",0,0,0,0,0,0,0,0,0,9
"3873, VIC",0,0,0,0,0,0,0,0,0,0
"3874, VIC",0,0,0,0,0,0,0,0,0,0
"3875, VIC",62,10,0,212,0,6,0,51,40,385
"3878, VIC",0,0,0,0,0,0,0,0,0,0
"3880, VIC",62,12,0,54,3,0,0,14,57,209
"3882, VIC",0,0,0,0,0,0,0,0,3,3
"3885, VIC",0,6,0,8,0,0,0,0,7,17
"3886, VIC",0,0,0,0,0,0,0,0,0,0
"3887, VIC",0,0,0,0,0,0,0,0,0,0
"3888, VIC",0,0,0,0,0,0,0,0,10,10
"3889, VIC",0,0,0,0,0,0,0,0,0,0
"3890, VIC",0,0,0,3,0,0,0,0,4,11
"3891, VIC",0,0,0,0,0,0,0,0,0,0
"3892, VIC",9,0,0,16,0,0,0,5,13,38
"3893, VIC",0,0,0,0,0,0,0,0,0,0
"3895, VIC",0,0,0,0,0,0,0,0,0,0
"3896, VIC",0,0,0,0,0,0,0,0,0,0
"3898, VIC",0,0,0,0,0,0,0,0,5,5
"3900, VIC",0,0,0,0,0,0,0,0,0,0
"3902, VIC",0,0,0,0,0,0,0,0,0,0
"3903, VIC",0,0,0,0,0,0,0,0,0,0
"3904, VIC",0,0,0,0,0,0,0,0,0,3
"3909, VIC",16,4,0,65,3,0,0,24,46,167
"3910, VIC",270,277,0,430,5,17,0,59,84,1148
"3911, VIC",17,24,0,31,0,0,0,15,3,89
"3912, VIC",149,134,0,260,6,64,7,73,69,759
"3913, VIC",22,25,0,46,0,0,0,5,0,102
"3915, VIC",108,95,0,459,3,0,0,72,82,816
"3916, VIC",0,0,0,0,0,0,0,0,0,0
"3918, VIC",25,31,0,19,0,0,0,10,11,91
"3919, VIC",42,60,0,98,0,0,0,21,35,250
"3920, VIC",0,0,0,0,0,0,0,0,0,0
"3921, VIC",0,0,0,0,0,0,0,0,0,0
"3922, VIC",141,10,0,73,0,8,0,32,148,409
"3923, VIC",0,0,0,0,0,0,0,0,0,0
"3925, VIC",10,5,0,10,0,0,0,0,18,48
"3926, VIC",0,3,0,0,0,0,0,0,3,10
"3927, VIC",0,0,0,0,0,0,0,0,0,0
"3928, VIC",0,0,0,0,0,0,0,0,0,0
"3929, VIC",0,0,0,0,0,0,0,0,0,0
"3930, VIC",110,37,0,63,0,4,0,12,47,278
"3931, VIC",213,43,4,62,0,14,5,48,103,495
"3933, VIC",0,0,0,0,0,0,0,0,0,0
"3934, VIC",274,128,0,165,6,14,7,25,78,699
"3936, VIC",123,55,0,152,7,3,0,29,180,545
"3937, VIC",0,0,0,0,0,0,0,0,0,0
"3938, VIC",18,0,0,14,0,0,0,0,25,68
"3939, VIC",116,24,0,143,0,11,9,37,84,426
"3940, VIC",241,9,5,88,0,123,38,58,162,720
"3941, VIC",61,19,0,80,7,4,4,25,221,409
"3942, VIC",5,0,0,0,0,0,0,0,19,21
"3943, VIC",6,0,0,0,0,0,0,0,7,20
"3944, VIC",3,0,0,0,0,0,0,0,24,29
"3945, VIC",0,0,0,0,0,0,0,0,0,0
"3946, VIC",0,0,0,0,0,0,0,0,0,0
"3950, VIC",32,4,0,59,0,4,0,10,18,133
"3951, VIC",0,0,0,0,0,0,0,0,0,0
"3953, VIC",33,4,0,36,0,0,0,10,14,101
"3954, VIC",0,0,0,0,0,0,0,0,0,0
"3956, VIC",0,0,0,0,0,0,0,0,0,0
"3957, VIC",0,0,0,0,0,0,0,0,0,0
"3958, VIC",0,0,0,0,0,0,0,0,0,0
"3959, VIC",0,0,0,0,0,0,0,0,3,3
"3960, VIC",15,0,0,21,0,0,0,4,4,42
"3962, VIC",0,0,0,13,0,0,0,0,0,12
"3964, VIC",0,0,0,0,0,0,0,0,0,0
"3965, VIC",0,0,0,0,0,0,0,0,0,0
"3966, VIC",0,0,0,0,0,0,0,0,0,0
"3967, VIC",0,0,0,0,0,0,0,0,0,0
"3971, VIC",11,5,0,28,0,0,0,3,14,65
"3975, VIC",8,31,0,42,0,0,0,9,4,92
"3976, VIC",61,92,0,143,0,9,6,58,33,402
"3977, VIC",763,1102,8,881,4,68,34,245,177,3283
"3978, VIC",8,63,0,40,0,0,0,10,11,126
"3979, VIC",0,0,0,0,0,0,0,0,0,0
"3980, VIC",0,0,0,8,0,0,0,0,0,3
"3981, VIC",0,0,0,27,0,0,0,6,0,32
"3984, VIC",3,5,0,20,0,0,0,6,6,38
"3987, VIC",0,0,0,0,0,0,0,0,0,0
"3988, VIC",0,0,0,0,0,0,0,0,0,0
"3990, VIC",0,0,0,0,0,0,0,0,0,0
"3991, VIC",0,0,0,0,0,0,0,0,4,4
"3992, VIC",0,0,0,0,0,0,0,0,0,0
"3995, VIC",24,10,0,110,0,0,0,35,21,199
"3996, VIC",35,5,0,83,5,0,0,15,83,223
"4000, QLD",0,0,0,8,0,0,0,0,4,16
"4005, QLD",4,0,0,8,0,0,0,3,8,25
"4006, QLD",0,0,0,0,0,0,0,0,0,9
"4007, QLD",8,4,0,6,0,0,0,0,3,29
"4008, QLD",0,0,0,0,0,0,0,0,0,0
"4009, QLD",0,0,0,0,0,0,0,0,0,0
"4010, QLD",0,0,0,3,0,0,0,0,0,12
"4011, QLD",11,21,0,47,0,0,0,8,9,92
"4012, QLD",25,24,0,46,0,0,0,12,5,113
"4013, QLD",8,0,0,40,0,0,0,17,3,65
"4014, QLD",3,7,0,16,0,0,0,0,6,36
"4017, QLD",141,38,4,174,0,46,3,56,47,512
"4018, QLD",219,139,0,265,4,21,0,54,60,755
"4019, QLD",17,7,0,88,0,0,0,15,10,137
"4020, QLD",140,38,0,197,0,75,6,55,58,570
"4021, QLD",87,38,3,120,6,3,0,19,24,292
"4022, QLD",114,30,0,158,0,75,18,13,43,459
"4025, QLD",0,0,0,0,0,0,0,0,0,0
"4029, QLD",0,0,0,0,0,0,0,0,0,0
"4030, QLD",4,4,0,55,0,0,0,9,18,97
"4031, QLD",15,7,0,45,0,0,0,6,10,90
"4032, QLD",39,22,0,68,0,12,0,29,12,186
"4034, QLD",395,126,5,515,0,113,25,114,105,1406
"4035, QLD",150,45,0,76,0,20,0,40,31,367
"4036, QLD",0,0,0,0,0,0,0,0,0,0
"4037, QLD",0,0,0,0,0,0,0,0,0,0
"4051, QLD",45,17,0,61,6,28,0,20,49,215
"4053, QLD",42,25,0,92,0,15,3,21,24,230
"4054, QLD",43,17,3,23,0,33,11,19,24,169
"4055, QLD",35,0,0,18,0,41,4,12,8,120
"4059, QLD",0,0,0,14,0,0,0,4,0,21
"4060, QLD",4,0,0,9,0,0,0,0,8,17
"4061, QLD",11,19,0,8,0,0,0,4,0,40
"4064, QLD",0,0,0,13,0,0,0,0,5,20
"4065, QLD",10,4,0,10,0,0,0,8,7,42
"4066, QLD",0,0,0,12,0,0,0,7,14,34
"4067, QLD",0,0,0,18,0,0,0,0,0,26
"4068, QLD",5,6,0,19,0,0,0,3,0,36
"4069, QLD",58,0,0,43,0,42,5,13,33,199
"4070, QLD",70,13,0,26,0,0,0,10,8,128
"4072, QLD",0,0,0,0,0,0,0,0,0,0
"4073, QLD",4,0,0,13,0,3,0,0,14,30
"4074, QLD",47,21,0,53,3,0,0,11,6,139
"4075, QLD",29,6,0,67,0,14,0,18,16,148
"4076, QLD",0,0,0,12,0,0,0,9,5,26
"4077, QLD",55,13,3,158,0,54,21,46,43,399
"4078, QLD",72,0,0,30,0,0,0,6,12,124
"4101, QLD",4,6,0,35,4,0,0,17,8,79
"4102, QLD",9,8,0,22,0,0,0,7,4,48
"4103, QLD",4,6,0,21,0,0,0,0,12,39
"4104, QLD",5,3,0,18,0,0,0,8,6,34
"4105, QLD",4,8,0,29,0,0,0,4,5,47
"4106, QLD",0,3,0,10,0,0,0,6,4,18
"4107, QLD",7,3,0,17,0,0,0,3,4,33
"4108, QLD",5,18,0,56,0,0,0,9,9,86
"4109, QLD",36,25,0,163,5,5,3,229,24,490
"4110, QLD",6,0,0,41,0,3,0,8,0,57
"4111, QLD",0,0,0,0,0,0,0,0,0,0
"4112, QLD",7,13,0,49,0,0,0,6,4,76
"4113, QLD",69,88,0,148,6,7,4,19,33,378
"4114, QLD",55,43,0,472,3,0,0,61,92,726
"4115, QLD",19,29,0,37,3,0,0,5,8,100
"4116, QLD",44,36,0,64,0,17,3,13,14,203
"4117, QLD",3,7,0,8,0,0,0,0,0,22
"4118, QLD",10,13,0,48,0,0,0,7,3,90
"4119, QLD",0,5,0,20,0,0,0,0,3,37
"4120, QLD",0,3,0,7,0,0,0,0,0,13
"4121, QLD",0,0,0,22,0,0,0,0,3,28
"4122, QLD",36,17,0,83,0,11,38,11,21,214
"4123, QLD",52,66,0,92,6,0,0,17,34,267
"4124, QLD",73,8,0,55,0,59,9,23,18,231
"4125, QLD",51,7,0,13,0,0,0,4,3,81
"4127, QLD",54,31,0,140,0,8,0,23,16,271
"4128, QLD",15,22,0,52,0,0,0,11,13,109
"4129, QLD",0,11,0,29,0,0,0,0,3,45
"4130, QLD",5,3,0,4,0,0,0,4,4,18
"4131, QLD",12,10,0,172,0,0,0,29,15,243
"4132, QLD",4,9,0,130,0,0,0,55,23,228
"4133, QLD",12,32,0,196,0,0,0,30,28,307
"4151, QLD",5,5,0,18,0,0,0,5,0,27
"4152, QLD",144,122,0,221,5,0,4,38,49,577
"4153, QLD",0,0,0,9,0,0,0,4,3,17
"4154, QLD",6,7,0,24,0,0,0,7,8,55
"4155, QLD",0,0,0,0,0,0,0,0,0,0
"4156, QLD",0,0,0,7,0,0,0,7,0,16
"4157, QLD",140,61,0,200,0,0,0,34,31,471
"4158, QLD",30,23,0,61,0,0,0,15,17,143
"4159, QLD",120,30,0,83,0,64,29,24,29,380
"4160, QLD",64,12,0,33,0,0,0,7,10,128
"4161, QLD",34,19,0,87,0,24,4,21,18,198
"4163, QLD",219,57,3,288,3,56,18,62,66,768
"4164, QLD",38,12,3,22,0,12,5,10,3,106
"4165, QLD",162,63,3,117,0,123,28,44,68,610
"4169, QLD",0,0,0,21,0,0,0,6,6,35
"4170, QLD",20,21,0,50,4,0,0,6,9,126
"4171, QLD",3,13,0,30,0,0,0,4,8,52
"4172, QLD",0,0,0,4,0,0,0,0,0,9
"4173, QLD",22,13,0,26,0,0,0,8,3,70
"4174, QLD",0,8,0,20,0,0,0,0,0,34
"4178, QLD",96,36,0,188,0,0,0,258,50,634
"4179, QLD",141,38,3,129,0,110,30,56,29,537
"4183, QLD",3,5,0,6,0,0,0,4,15,32
"4184, QLD",0,0,0,0,0,0,0,0,4,7
"4205, QLD",22,8,0,61,0,11,0,9,18,118
"4207, QLD",284,68,0,476,0,18,6,139,106,1096
"4208, QLD",22,62,0,119,0,0,0,24,16,242
"4209, QLD",64,255,0,687,6,4,0,108,84,1199
"4210, QLD",180,332,4,364,0,0,6,95,56,1037
"4211, QLD",301,210,4,384,5,112,26,130,80,1245
"4212, QLD",200,142,0,189,0,20,0,64,26,643
"4213, QLD",105,42,0,39,0,0,4,20,19,221
"4214, QLD",393,175,4,317,5,41,19,97,92,1139
"4215, QLD",642,749,19,1570,15,8,4,427,286,3712
"4216, QLD",462,408,0,1048,11,7,8,132,162,2238
"4217, QLD",158,92,0,199,0,16,7,62,86,621
"4218, QLD",137,95,0,194,4,0,4,32,67,535
"4220, QLD",355,406,0,454,8,0,4,126,133,1493
"4221, QLD",250,125,4,270,5,9,7,65,72,798
"4222, QLD",0,0,0,0,0,0,0,0,0,0
"4223, QLD",177,92,0,173,7,16,0,35,47,550
"4224, QLD",49,39,0,58,5,0,0,21,18,184
"4225, QLD",9,5,0,31,0,0,0,6,14,60
"4226, QLD",151,163,0,295,3,0,4,40,38,688
"4227, QLD",177,218,0,293,3,3,0,55,46,795
"4228, QLD",12,6,0,3,0,4,0,8,3,38
"4229, QLD",0,0,0,0,0,0,0,0,0,0
"4230, QLD",0,0,0,0,0,0,0,0,0,0
"4270, QLD",3,0,0,0,0,0,0,0,0,3
"4271, QLD",3,0,0,0,0,0,0,0,0,14
"4272, QLD",23,7,0,11,0,0,0,5,8,58
"4275, QLD",0,0,0,7,0,0,0,4,0,8
"4280, QLD",0,4,0,14,0,0,0,5,8,28
"4285, QLD",33,25,0,244,0,0,0,54,46,405
"4287, QLD",0,0,0,0,0,0,0,0,0,0
"4300, QLD",67,90,0,479,4,3,0,189,85,913
"4301, QLD",18,51,0,324,0,0,0,42,42,481
"4303, QLD",0,0,0,42,0,0,0,9,7,58
"4304, QLD",14,10,0,173,0,0,0,27,20,249
"4305, QLD",241,85,0,1277,8,31,9,245,238,2136
"4306, QLD",5,0,0,26,0,0,0,4,5,41
"4307, QLD",0,0,0,6,0,0,0,0,0,3
"4309, QLD",0,0,0,0,0,0,0,0,0,0
"4310, QLD",5,0,0,18,0,10,0,4,6,40
"4311, QLD",3,3,0,7,0,0,0,0,20,36
"4312, QLD",0,0,0,0,0,0,0,0,0,5
"4313, QLD",10,0,0,17,0,7,0,3,5,38
"4340, QLD",14,0,0,37,0,9,3,7,16,93
"4341, QLD",28,3,0,44,0,3,0,12,19,105
"4342, QLD",0,0,0,5,0,0,0,0,0,5
"4343, QLD",12,12,0,141,0,0,0,23,20,216
"4344, QLD",0,0,0,10,0,0,0,4,0,13
"4345, QLD",0,0,0,0,0,0,0,0,0,0
"4346, QLD",0,0,0,5,0,0,0,0,4,7
"4347, QLD",0,0,0,0,0,0,0,0,0,0
"4350, QLD",1058,406,13,2875,16,224,51,522,784,5952
"4352, QLD",68,17,0,95,0,17,8,25,19,238
"4353, QLD",0,0,0,0,0,0,0,0,0,0
"4354, QLD",0,0,0,0,0,0,0,0,0,0
"4355, QLD",5,0,0,10,0,4,6,3,3,34
"4356, QLD",6,0,0,20,0,0,0,14,9,43
"4357, QLD",0,0,0,0,0,0,0,0,0,0
"4358, QLD",0,5,0,12,0,0,0,0,3,26
"4359, QLD",0,0,0,8,0,0,0,0,0,11
"4360, QLD",0,0,0,0,0,0,0,0,0,0
"4361, QLD",4,4,0,21,0,0,0,0,3,33
"4362, QLD",0,0,0,3,0,0,0,0,3,11
"4363, QLD",0,0,0,0,0,0,0,0,0,0
"4364, QLD",0,0,0,0,0,0,0,0,0,0
"4365, QLD",0,0,0,0,0,0,0,0,0,0
"4370, QLD",95,24,0,359,0,28,6,60,83,659
"4371, QLD",0,0,0,0,0,0,0,0,0,0
"4372, QLD",0,0,0,0,0,0,0,0,0,0
"4373, QLD",0,0,0,0,0,0,0,0,0,0
"4374, QLD",0,0,0,0,0,0,0,0,0,0
"4376, QLD",0,0,0,0,0,0,0,0,0,0
"4378, QLD",0,0,0,0,0,0,0,0,0,0
"4381, QLD",0,0,0,5,0,0,0,0,0,9
"4382, QLD",0,0,0,0,0,0,0,0,0,0
"4384, QLD",0,0,0,0,0,0,0,0,0,0
"4387, QLD",0,0,0,10,0,0,0,0,0,4
"4388, QLD",0,0,0,0,0,0,0,0,0,0
"4390, QLD",4,0,0,19,0,0,0,0,9,31
"4400, QLD",0,0,0,0,0,0,0,0,0,0
"4401, QLD",0,0,0,0,0,0,0,0,5,0
"4402, QLD",0,0,0,0,0,0,0,0,0,0
"4403, QLD",0,0,0,0,0,0,0,0,0,0
"4404, QLD",0,0,0,0,0,0,0,0,0,0
"4405, QLD",20,5,0,166,0,0,0,26,41,262
"4406, QLD",15,3,0,4,0,0,0,4,5,34
"4407, QLD",0,0,0,0,0,0,0,0,0,0
"4408, QLD",0,0,0,0,0,0,0,0,0,0
"4410, QLD",0,0,0,0,0,0,0,0,0,0
"4411, QLD",0,0,0,0,0,0,0,0,0,0
"4412, QLD",0,0,0,0,0,0,0,0,0,0
"4413, QLD",22,5,0,105,6,0,0,55,96,290
"4415, QLD",0,0,0,70,0,0,0,11,64,137
"4416, QLD",0,0,0,0,0,0,0,0,0,0
"4417, QLD",0,0,0,6,0,0,0,0,5,17
"4418, QLD",0,0,0,0,0,0,0,0,0,0
"4419, QLD",0,0,0,0,0,0,0,0,0,0
"4420, QLD",0,0,0,4,0,0,0,0,0,3
"4421, QLD",0,0,0,0,0,0,0,0,6,11
"4422, QLD",0,0,0,0,0,0,0,0,0,0
"4423, QLD",0,0,0,0,0,0,0,0,0,0
"4424, QLD",0,0,0,0,0,0,0,0,0,0
"4425, QLD",0,0,0,0,0,0,0,0,0,0
"4426, QLD",4,0,0,0,0,0,0,0,0,4
"4427, QLD",0,0,0,0,0,0,0,0,0,0
"4428, QLD",0,0,0,0,0,0,0,0,0,3
"4454, QLD",0,0,0,0,0,0,0,0,0,0
"4455, QLD",5,0,0,93,0,0,0,20,74,192
"4461, QLD",0,0,0,0,0,0,0,0,0,0
"4462, QLD",0,0,0,0,0,0,0,0,0,0
"4465, QLD",0,0,0,5,0,0,0,0,9,16
"4467, QLD",0,0,0,0,0,0,0,0,0,0
"4468, QLD",0,0,0,0,0,0,0,0,0,0
"4470, QLD",0,0,0,37,0,0,0,5,6,52
"4472, QLD",0,0,0,27,0,0,0,6,8,33
"4474, QLD",0,0,0,0,0,0,0,0,0,0
"4475, QLD",0,0,0,0,0,0,0,0,0,0
"4477, QLD",0,0,0,3,0,0,0,0,3,7
"4478, QLD",0,0,0,0,0,0,0,0,0,0
"4479, QLD",0,0,0,0,0,0,0,0,0,0
"4480, QLD",0,0,0,0,0,0,0,0,0,0
"4481, QLD",0,0,0,0,0,0,0,0,0,3
"4482, QLD",0,0,0,0,0,0,0,0,0,0
"4486, QLD",0,0,0,0,0,0,0,0,0,0
"4487, QLD",0,0,0,5,0,0,0,7,0,12
"4488, QLD",0,0,0,0,0,0,0,0,0,0
"4489, QLD",0,0,0,0,0,0,0,0,0,0
"4490, QLD",0,0,0,17,0,0,0,0,5,27
"4491, QLD",0,0,0,0,0,0,0,0,0,0
"4492, QLD",0,0,0,0,0,0,0,0,0,0
"4493, QLD",0,0,0,0,0,0,0,0,0,0
"4494, QLD",0,0,0,0,0,0,0,0,0,0
"4496, QLD",0,0,0,0,0,0,0,0,0,0
"4497, QLD",0,0,0,0,0,0,0,0,0,0
"4498, QLD",0,0,0,0,0,0,0,0,0,0
"4500, QLD",181,128,0,436,5,3,0,41,67,857
"4501, QLD",72,70,0,176,0,7,0,24,39,391
"4502, QLD",4,6,0,58,0,0,0,5,3,80
"4503, QLD",300,93,8,874,0,107,21,135,200,1736
"4504, QLD",11,35,0,67,3,0,0,4,9,134
"4505, QLD",17,19,0,164,0,0,0,24,19,236
"4506, QLD",51,26,0,418,0,0,0,38,55,588
"4507, QLD",331,52,7,232,4,59,26,63,88,862
"4508, QLD",13,20,0,50,0,0,0,22,20,123
"4509, QLD",106,9,0,140,0,84,23,23,41,434
"4510, QLD",235,105,4,1181,6,51,9,179,173,1940
"4511, QLD",121,6,0,43,0,0,0,15,41,237
"4512, QLD",0,0,0,0,0,0,0,0,0,0
"4514, QLD",0,3,0,0,0,0,0,0,0,5
"4515, QLD",0,0,0,20,0,0,0,0,0,21
"4516, QLD",0,0,0,0,0,0,0,0,0,5
"4517, QLD",0,4,0,0,0,0,0,0,0,9
"4518, QLD",0,0,0,0,0,0,0,0,0,0
"4519, QLD",29,14,0,107,0,5,4,21,17,200
"4520, QLD",7,4,0,0,0,18,0,5,3,36
"4521, QLD",0,0,0,0,0,0,0,0,0,0
"4550, QLD",3,0,0,27,0,0,0,3,3,42
"4551, QLD",863,183,4,692,7,131,34,149,253,2319
"4552, QLD",20,4,0,25,0,3,0,7,5,72
"4553, QLD",4,0,0,0,0,15,3,0,0,26
"4554, QLD",0,0,0,0,0,0,0,0,0,0
"4555, QLD",17,5,0,19,0,29,5,7,18,93
"4556, QLD",853,102,24,285,8,511,119,200,221,2326
"4557, QLD",45,42,0,90,0,0,0,28,23,224
"4558, QLD",243,99,0,203,4,27,4,73,67,717
"4559, QLD",7,0,0,18,0,0,0,5,9,45
"4560, QLD",336,46,0,150,0,100,19,39,88,782
"4561, QLD",5,15,0,28,0,0,0,0,7,62
"4562, QLD",3,7,0,3,0,0,0,0,0,14
"4563, QLD",4,0,0,11,0,0,0,8,10,39
"4564, QLD",102,59,5,164,0,35,0,20,41,433
"4565, QLD",217,29,0,91,3,91,11,32,41,532
"4566, QLD",168,24,4,77,0,63,11,35,39,422
"4567, QLD",9,11,0,33,0,0,0,7,46,104
"4568, QLD",0,4,0,0,0,0,0,0,6,7
"4569, QLD",0,0,0,0,0,0,0,0,0,0
"4570, QLD",20,10,0,307,0,0,5,66,65,484
"4571, QLD",0,0,0,0,0,0,0,0,0,0
"4572, QLD",6,0,0,16,0,0,0,0,0,25
"4573, QLD",151,36,0,240,3,19,3,79,104,633
"4574, QLD",0,0,0,0,0,0,0,0,0,0
"4575, QLD",627,147,0,349,7,32,10,91,102,1366
"4580, QLD",25,4,0,73,0,11,0,8,16,139
"4581, QLD",11,3,0,29,0,0,0,3,26,75
"4600, QLD",0,0,0,0,0,0,0,0,0,0
"4601, QLD",0,0,0,0,0,0,0,0,0,0
"4605, QLD",0,0,0,18,0,0,0,8,7,27
"4606, QLD",9,0,0,36,0,0,0,0,6,54
"4608, QLD",0,0,0,0,0,0,0,0,0,0
"4610, QLD",18,15,0,173,0,0,0,27,28,262
"4611, QLD",0,0,0,0,0,0,0,0,0,0
"4612, QLD",0,0,0,0,0,0,0,0,0,0
"4613, QLD",0,0,0,0,0,0,0,0,0,0
"4614, QLD",0,0,0,7,0,0,0,3,0,5
"4615, QLD",0,0,0,47,0,0,0,4,12,63
"4620, QLD",0,0,0,0,0,0,0,0,0,0
"4621, QLD",0,0,0,8,0,0,0,7,0,17
"4625, QLD",0,0,0,10,0,0,0,3,8,21
"4626, QLD",0,0,0,0,0,0,0,5,0,5
"4627, QLD",0,0,0,0,0,0,0,0,0,4
"4630, QLD",0,0,0,0,0,0,0,0,0,0
"4650, QLD",89,15,0,387,0,21,7,87,101,709
"4655, QLD",342,101,3,804,8,93,9,147,178,1677
"4659, QLD",5,0,0,31,0,0,0,3,10,47
"4660, QLD",6,0,0,43,0,5,0,13,43,117
"4662, QLD",0,0,0,0,0,0,0,0,0,0
"4670, QLD",549,102,5,983,5,97,18,208,322,2283
"4671, QLD",0,0,0,5,0,0,0,0,4,4
"4673, QLD",0,0,0,0,0,0,0,0,0,0
"4674, QLD",0,0,0,0,0,0,0,0,0,0
"4676, QLD",0,0,0,0,0,0,0,0,0,0
"4677, QLD",0,0,0,0,0,0,0,0,6,4
"4678, QLD",0,0,0,0,0,0,0,0,0,0
"4680, QLD",28,48,0,341,3,0,0,49,114,587
"4694, QLD",0,0,0,0,0,0,0,0,0,0
"4695, QLD",0,0,0,0,0,0,0,0,0,0
"4697, QLD",0,0,0,0,0,0,0,0,0,0
"4699, QLD",0,0,0,0,0,0,0,0,0,0
"4700, QLD",52,27,0,140,11,22,5,51,55,361
"4701, QLD",109,60,0,843,5,53,0,110,210,1390
"4702, QLD",9,7,0,56,4,3,5,3,22,106
"4703, QLD",67,22,0,200,0,5,6,61,79,436
"4704, QLD",0,0,0,0,0,0,0,0,0,0
"4705, QLD",0,0,0,0,0,0,0,0,0,0
"4706, QLD",0,0,0,0,0,0,0,0,0,0
"4707, QLD",0,0,0,0,0,0,0,0,0,0
"4709, QLD",0,0,0,0,0,0,0,0,0,0
"4710, QLD",16,3,0,45,0,10,3,9,8,88
"4711, QLD",0,0,0,0,0,0,0,0,0,0
"4712, QLD",0,0,0,0,0,0,0,0,0,0
"4713, QLD",0,0,0,32,0,0,0,0,4,35
"4714, QLD",4,5,0,5,0,0,0,4,5,9
"4715, QLD",0,0,0,24,9,0,0,4,12,50
"4716, QLD",0,0,0,0,0,0,0,0,0,0
"4717, QLD",0,0,0,0,0,0,0,0,0,0
"4718, QLD",0,0,0,14,3,0,0,7,21,42
"4719, QLD",0,0,0,3,0,0,0,0,0,7
"4720, QLD",5,33,0,209,5,0,0,30,111,395
"4721, QLD",0,0,0,9,0,0,0,0,9,15
"4722, QLD",0,0,0,0,0,0,0,0,0,0
"4723, QLD",0,0,0,0,0,0,0,0,0,0
"4724, QLD",0,0,0,0,0,0,0,0,0,0
"4725, QLD",0,0,0,0,0,0,0,0,0,0
"4726, QLD",0,0,0,0,0,0,0,0,0,0
"4727, QLD",0,0,0,0,0,0,0,0,0,0
"4728, QLD",0,0,0,0,0,0,0,0,0,0
"4730, QLD",0,0,0,35,3,0,0,10,17,63
"4731, QLD",0,0,0,0,0,0,0,0,0,0
"4732, QLD",0,0,0,0,0,0,0,0,0,0
"4733, QLD",0,0,0,0,0,0,0,0,0,0
"4735, QLD",0,0,0,4,0,0,0,0,0,7
"4736, QLD",0,0,0,0,0,0,0,0,0,0
"4737, QLD",0,5,0,32,0,0,0,7,13,54
"4738, QLD",0,0,0,0,0,0,0,0,0,0
"4739, QLD",0,0,0,0,0,0,0,0,0,0
"4740, QLD",311,250,0,1521,15,18,5,234,479,2832
"4741, QLD",0,9,0,4,0,0,0,0,4,17
"4742, QLD",0,0,0,0,0,0,0,0,0,0
"4743, QLD",0,0,0,6,0,0,0,0,8,19
"4744, QLD",0,4,0,89,4,0,0,20,53,176
"4745, QLD",0,0,0,0,0,0,0,0,12,22
"4746, QLD",0,0,0,39,0,0,0,3,49,89
"4750, QLD",0,3,0,52,0,0,0,11,14,89
"4751, QLD",6,0,0,17,0,0,0,3,14,40
"4753, QLD",0,4,0,0,0,0,0,0,0,4
"4754, QLD",0,0,0,8,0,0,0,4,0,7
"4756, QLD",0,0,0,0,0,0,0,0,0,0
"4757, QLD",0,0,0,0,0,0,0,0,0,0
"4798, QLD",0,0,0,0,0,0,0,0,0,4
"4799, QLD",0,0,0,0,0,0,0,0,3,4
"4800, QLD",3,4,0,66,0,0,0,15,24,123
"4801, QLD",0,0,0,0,0,0,0,0,0,0
"4802, QLD",13,18,0,95,0,0,0,41,36,196
"4803, QLD",0,0,0,3,0,0,0,0,0,5
"4804, QLD",0,0,0,7,0,0,0,3,8,19
"4805, QLD",20,6,0,158,5,0,6,34,30,249
"4806, QLD",0,0,0,10,0,0,0,4,0,8
"4807, QLD",3,3,0,17,0,0,0,0,0,26
"4808, QLD",0,0,0,0,0,0,0,0,0,0
"4809, QLD",0,0,0,0,0,0,0,0,0,0
"4810, QLD",68,66,0,560,0,0,5,130,150,980
"4811, QLD",7,16,0,196,0,0,0,34,49,301
"4812, QLD",164,111,0,835,12,47,10,126,258,1559
"4814, QLD",160,60,0,644,4,51,5,111,150,1187
"4815, QLD",10,9,0,145,0,0,0,61,52,270
"4816, QLD",40,13,0,17,3,0,0,7,15,98
"4817, QLD",95,52,0,380,3,10,0,47,60,652
"4818, QLD",4,16,0,164,0,0,0,24,34,245
"4819, QLD",9,0,0,11,0,0,0,7,16,42
"4820, QLD",0,0,0,10,0,0,0,3,8,17
"4821, QLD",66,33,0,36,11,0,0,11,40,200
"4822, QLD",0,0,0,8,0,0,0,0,0,8
"4823, QLD",4,0,0,9,0,0,0,0,0,18
"4824, QLD",0,0,0,12,0,0,0,4,4,17
"4828, QLD",0,0,0,4,0,0,0,3,4,7
"4829, QLD",0,0,0,5,0,0,0,0,3,5
"4830, QLD",0,0,0,9,0,0,0,0,0,7
"4849, QLD",10,0,0,15,0,0,0,0,26,53
"4850, QLD",3,0,0,34,0,0,0,8,3,54
"4852, QLD",4,11,0,45,0,0,0,13,25,91
"4854, QLD",0,0,0,27,0,0,0,3,8,41
"4855, QLD",0,0,0,0,0,0,0,4,0,7
"4856, QLD",0,0,0,0,0,0,0,0,0,0
"4858, QLD",0,0,0,5,0,0,0,0,0,4
"4859, QLD",0,0,0,0,0,0,0,0,0,0
"4860, QLD",5,0,0,56,0,0,0,13,4,79
"4861, QLD",0,0,0,12,0,0,0,3,0,22
"4865, QLD",0,5,0,66,0,0,0,8,4,88
"4868, QLD",53,60,0,268,0,27,4,65,74,550
"4869, QLD",0,3,0,25,0,0,0,9,18,55
"4870, QLD",223,164,0,1090,12,108,16,269,218,2096
"4871, QLD",3,4,0,58,0,0,0,4,3,73
"4872, QLD",0,0,0,3,0,0,0,0,3,9
"4873, QLD",8,6,0,57,0,0,0,11,9,86
"4874, QLD",5,28,0,153,18,0,0,24,66,287
"4875, QLD",0,0,0,74,6,0,0,7,6,87
"4876, QLD",0,0,0,45,0,0,0,0,11,55
"4877, QLD",26,41,0,115,0,0,0,22,50,246
"4878, QLD",34,65,0,211,3,4,0,54,39,413
"4879, QLD",47,51,0,170,0,0,4,18,48,342
"4880, QLD",11,0,0,76,0,0,0,12,20,120
"4881, QLD",0,0,0,8,0,0,0,0,0,14
"4882, QLD",0,0,0,0,0,0,0,0,0,0
"4883, QLD",32,0,0,116,0,0,3,14,30,199
"4884, QLD",0,0,0,4,0,0,0,0,0,3
"4885, QLD",0,0,0,49,0,0,0,9,11,72
"4886, QLD",0,0,0,0,0,0,0,0,0,0
"4887, QLD",0,0,0,0,0,0,0,0,0,0
"4888, QLD",0,0,0,4,4,0,0,0,0,6
"4890, QLD",0,0,0,0,0,0,0,0,0,0
"4891, QLD",0,0,0,0,0,0,0,0,0,0
"4892, QLD",0,0,0,46,5,0,0,10,12,75
"4895, QLD",0,0,0,18,3,0,0,0,3,26
"5000, SA",142,120,0,388,10,3,0,74,103,838
"5005, SA",0,0,0,0,0,0,0,0,0,0
"5006, SA",106,56,0,193,0,7,0,51,83,503
"5007, SA",102,161,0,420,4,3,4,50,89,843
"5008, SA",116,212,0,674,11,16,5,106,132,1276
"5009, SA",71,82,0,136,0,28,10,34,45,411
"5010, SA",66,89,0,310,7,5,0,53,54,574
"5011, SA",100,166,0,309,3,14,11,47,105,762
"5012, SA",156,248,0,596,7,27,3,98,131,1268
"5013, SA",85,137,0,510,6,3,0,66,83,902
"5014, SA",176,203,0,478,8,31,11,63,105,1077
"5015, SA",61,64,0,246,0,0,0,44,51,463
"5016, SA",50,64,0,111,0,9,0,18,51,316
"5017, SA",56,105,0,294,0,3,0,36,59,556
"5018, SA",82,39,0,51,0,18,11,41,41,285
"5019, SA",181,146,0,513,3,13,3,65,115,1036
"5020, SA",79,30,0,49,0,12,4,15,14,206
"5021, SA",194,48,3,94,3,60,26,28,48,502
"5022, SA",274,185,0,268,7,49,30,56,124,994
"5023, SA",249,288,7,760,11,43,20,88,168,1627
"5024, SA",161,105,0,188,3,21,10,33,66,586
"5025, SA",43,77,0,145,0,0,0,16,50,332
"5031, SA",122,208,0,465,9,6,3,65,109,986
"5032, SA",122,123,6,234,3,49,9,45,105,699
"5033, SA",79,138,0,393,5,3,0,51,109,782
"5034, SA",98,83,0,154,0,3,7,23,49,405
"5035, SA",54,96,0,206,6,5,0,38,46,454
"5037, SA",185,179,0,372,3,109,4,73,98,1024
"5038, SA",297,339,4,576,8,65,21,108,183,1599
"5039, SA",75,107,0,246,8,3,4,33,69,546
"5040, SA",4,3,0,163,0,3,0,16,20,210
"5041, SA",164,169,0,139,4,13,7,13,58,575
"5042, SA",115,192,0,399,3,6,4,63,74,848
"5043, SA",314,361,5,1123,9,81,20,148,247,2312
"5044, SA",403,246,7,367,6,39,10,68,128,1266
"5045, SA",430,264,0,705,22,19,6,111,243,1800
"5046, SA",247,240,4,569,6,23,4,84,120,1291
"5047, SA",163,173,0,411,5,8,0,40,57,853
"5048, SA",424,267,4,564,6,67,12,102,164,1603
"5049, SA",85,57,0,97,8,0,0,17,32,293
"5050, SA",33,17,0,43,0,21,5,10,4,141
"5051, SA",39,41,0,42,4,0,0,23,24,174
"5052, SA",11,15,0,18,0,17,0,3,11,84
"5061, SA",120,95,0,180,6,0,0,22,63,484
"5062, SA",362,185,0,153,6,9,6,34,53,801
"5063, SA",243,217,3,339,15,46,7,55,101,1035
"5064, SA",202,87,0,96,3,56,13,39,66,562
"5065, SA",347,130,0,360,4,90,15,57,142,1153
"5066, SA",172,94,0,135,8,4,3,19,54,486
"5067, SA",157,160,0,388,4,4,3,56,130,893
"5068, SA",322,191,5,494,13,69,11,83,189,1377
"5069, SA",150,114,0,278,6,18,0,34,79,685
"5070, SA",261,208,4,485,8,93,15,58,162,1296
"5072, SA",194,133,3,230,0,69,8,65,150,861
"5073, SA",175,193,0,217,6,17,16,50,64,737
"5074, SA",237,244,0,405,3,91,10,52,74,1127
"5075, SA",120,90,0,157,3,25,3,31,47,478
"5076, SA",136,148,0,104,0,7,4,8,40,447
"5081, SA",119,83,0,204,9,30,3,27,65,535
"5082, SA",93,152,0,350,7,27,0,52,101,783
"5083, SA",109,121,0,358,9,11,5,55,68,723
"5084, SA",93,195,0,704,4,12,0,124,144,1281
"5085, SA",119,280,5,515,0,46,13,97,159,1229
"5086, SA",138,214,0,431,13,37,13,54,84,979
"5087, SA",80,196,0,328,3,17,0,37,68,735
"5088, SA",38,51,0,98,0,0,0,20,22,224
"5089, SA",15,11,0,16,0,0,0,0,7,49
"5090, SA",83,64,0,122,0,250,14,34,63,636
"5091, SA",14,20,0,28,0,0,0,0,5,65
"5092, SA",76,75,0,218,3,61,12,41,54,546
"5093, SA",35,40,0,86,0,15,3,17,9,200
"5094, SA",4,7,0,20,0,0,0,0,4,38
"5095, SA",75,153,0,248,5,7,4,45,63,601
"5096, SA",61,79,0,222,0,0,0,33,39,442
"5097, SA",71,71,0,71,0,0,0,18,19,250
"5098, SA",41,18,0,27,0,34,10,11,10,155
"5106, SA",0,0,0,0,0,0,0,0,0,0
"5107, SA",107,51,0,217,0,58,12,45,64,544
"5108, SA",306,473,4,1240,12,5,4,184,207,2433
"5109, SA",99,120,0,332,5,0,0,47,54,656
"5110, SA",8,7,0,33,0,4,3,8,6,70
"5111, SA",0,0,0,0,0,0,0,0,0,0
"5112, SA",174,266,0,1630,10,17,12,310,244,2662
"5113, SA",175,354,0,1452,10,9,0,313,289,2595
"5114, SA",32,39,0,258,0,5,5,51,52,439
"5115, SA",7,28,0,179,0,0,0,22,34,269
"5116, SA",26,57,0,278,0,0,0,41,52,461
"5117, SA",30,0,4,3,0,21,11,4,5,79
"5118, SA",153,121,0,511,4,65,3,76,118,1052
"5120, SA",0,0,0,0,0,0,0,0,0,0
"5121, SA",0,0,0,0,0,0,0,0,0,0
"5125, SA",116,25,5,152,0,123,14,29,58,531
"5126, SA",6,9,0,34,3,0,0,4,4,69
"5127, SA",45,56,0,114,0,0,0,18,16,243
"5131, SA",0,0,0,0,0,0,0,0,0,0
"5132, SA",0,0,0,0,0,0,0,0,0,0
"5133, SA",0,0,0,0,0,0,0,0,0,0
"5134, SA",0,0,0,0,0,0,0,0,0,0
"5136, SA",0,0,0,0,0,0,0,0,0,5
"5137, SA",0,0,0,0,0,0,0,0,0,0
"5138, SA",0,0,0,0,0,0,0,0,0,0
"5139, SA",0,0,0,0,0,0,0,0,0,0
"5140, SA",0,0,0,0,0,0,0,0,0,0
"5141, SA",0,0,0,0,0,0,0,0,0,4
"5142, SA",6,0,0,0,0,3,4,0,0,14
"5144, SA",0,0,0,0,0,0,0,0,0,0
"5150, SA",0,0,0,0,0,0,0,0,0,0
"5151, SA",0,0,0,0,0,0,0,0,0,0
"5152, SA",16,5,0,15,0,13,3,5,5,67
"5153, SA",0,0,0,3,0,0,0,0,0,7
"5154, SA",0,0,0,0,0,0,0,0,0,0
"5155, SA",6,3,0,0,0,0,0,0,3,17
"5156, SA",0,0,0,0,0,0,0,0,0,3
"5157, SA",0,0,0,0,0,0,0,0,0,0
"5158, SA",75,79,0,122,0,0,0,22,26,322
"5159, SA",211,62,3,92,0,248,47,65,85,812
"5160, SA",0,0,0,0,0,0,0,0,0,0
"5161, SA",84,74,3,120,0,28,11,17,51,384
"5162, SA",258,265,0,792,0,50,9,130,150,1655
"5163, SA",29,48,0,265,5,3,0,48,48,440
"5164, SA",11,13,0,358,0,13,0,108,55,556
"5165, SA",31,28,0,194,0,9,0,33,39,335
"5166, SA",8,8,0,34,0,0,0,6,4,63
"5167, SA",18,9,0,50,0,27,0,16,15,144
"5168, SA",37,25,0,71,0,29,4,16,25,213
"5169, SA",81,0,4,39,0,112,12,25,31,308
"5170, SA",0,0,0,0,0,0,0,0,0,5
"5171, SA",23,7,0,17,0,8,0,5,5,75
"5172, SA",0,0,0,10,0,0,0,0,0,14
"5173, SA",29,56,0,113,0,0,0,13,56,265
"5174, SA",4,9,0,5,0,0,0,0,3,18
"5201, SA",0,0,0,9,0,0,0,0,0,6
"5202, SA",0,0,0,0,0,0,0,0,3,4
"5203, SA",0,0,0,0,0,0,0,0,0,0
"5204, SA",8,3,0,28,0,0,0,3,21,55
"5210, SA",0,0,0,0,0,0,0,0,0,0
"5211, SA",152,21,0,205,6,113,18,54,166,736
"5212, SA",3,0,0,11,0,0,0,4,14,36
"5213, SA",0,0,0,0,0,0,0,0,3,10
"5214, SA",41,13,0,72,0,0,0,8,47,185
"5220, SA",0,0,0,0,0,0,0,0,0,3
"5221, SA",0,0,0,4,0,0,0,0,0,4
"5222, SA",0,0,0,0,0,0,0,0,0,0
"5223, SA",3,0,0,24,0,4,0,3,11,45
"5231, SA",0,0,0,0,0,0,0,0,0,0
"5232, SA",0,0,0,0,0,0,0,0,0,0
"5233, SA",0,0,0,0,0,0,0,0,0,0
"5234, SA",6,0,0,0,0,0,0,0,6,8
"5235, SA",0,4,0,3,0,0,0,3,0,12
"5236, SA",0,0,0,0,0,0,0,0,0,0
"5237, SA",0,0,0,0,0,0,0,0,0,0
"5238, SA",6,5,0,29,0,0,0,7,5,46
"5240, SA",0,0,0,0,0,0,0,0,0,0
"5241, SA",0,0,0,11,0,0,0,0,3,19
"5242, SA",0,0,0,0,0,0,0,0,0,3
"5243, SA",0,0,0,5,0,0,0,0,0,0
"5244, SA",28,9,0,46,0,11,0,10,6,117
"5245, SA",17,6,0,33,0,11,0,14,18,98
"5250, SA",3,0,0,9,0,0,0,0,0,7
"5251, SA",49,35,3,237,3,29,6,23,37,419
"5252, SA",4,7,0,14,0,0,0,6,0,31
"5253, SA",75,55,0,589,0,43,13,106,117,1002
"5254, SA",3,0,0,5,0,0,0,0,4,11
"5255, SA",4,8,0,27,0,0,0,3,10,52
"5256, SA",0,3,0,0,0,0,0,0,0,3
"5259, SA",0,0,0,3,0,0,0,3,7,10
"5260, SA",3,0,0,6,0,20,0,3,7,46
"5261, SA",0,0,0,0,0,0,0,0,0,0
"5262, SA",0,0,0,0,0,0,0,0,0,0
"5263, SA",0,0,0,0,0,0,0,0,0,0
"5264, SA",0,0,0,8,0,4,0,0,0,18
"5265, SA",0,0,0,0,0,0,0,0,0,0
"5266, SA",0,0,0,0,0,0,0,0,0,4
"5267, SA",0,0,0,12,0,3,0,0,0,29
"5268, SA",4,0,0,9,0,0,0,0,0,13
"5269, SA",0,0,0,0,0,0,0,0,0,0
"5270, SA",0,0,0,0,0,0,0,0,0,0
"5271, SA",8,7,0,63,0,3,0,10,7,107
"5272, SA",0,0,0,0,0,0,0,0,7,5
"5273, SA",0,0,0,0,0,0,0,0,0,0
"5275, SA",13,0,0,20,0,0,0,4,13,48
"5276, SA",3,0,0,13,0,0,0,0,25,40
"5277, SA",3,0,0,37,0,0,0,3,9,47
"5278, SA",0,0,0,0,0,0,0,0,0,0
"5279, SA",0,0,0,0,0,0,0,0,0,0
"5280, SA",28,9,0,59,0,0,0,12,18,125
"5290, SA",158,180,0,997,5,0,3,136,307,1784
"5291, SA",0,0,0,7,0,0,0,0,4,16
"5301, SA",0,0,0,0,0,0,0,0,0,0
"5302, SA",0,0,0,6,0,0,0,0,4,7
"5303, SA",0,0,0,0,0,0,0,0,0,0
"5304, SA",0,0,0,0,0,0,0,0,3,3
"5306, SA",0,0,0,0,0,0,0,0,0,0
"5307, SA",0,0,0,0,0,0,0,0,0,0
"5308, SA",0,0,0,0,0,0,0,0,0,0
"5309, SA",0,0,0,0,0,0,0,0,0,0
"5310, SA",0,0,0,0,0,0,0,0,0,0
"5311, SA",0,0,0,0,0,0,0,0,0,0
"5320, SA",0,0,0,0,0,0,0,0,0,0
"5321, SA",0,0,0,0,0,0,0,0,0,0
"5322, SA",0,0,0,0,0,0,0,0,0,0
"5330, SA",19,5,0,65,5,18,8,16,20,150
"5331, SA",0,0,0,0,0,0,0,0,0,0
"5332, SA",0,0,0,0,0,0,0,0,0,0
"5333, SA",40,15,0,48,0,26,12,19,26,185
"5340, SA",0,0,0,0,0,0,0,0,0,0
"5341, SA",24,7,0,89,3,17,0,15,33,186
"5342, SA",0,0,0,3,0,0,0,0,0,3
"5343, SA",12,15,0,173,0,3,0,41,45,279
"5344, SA",0,0,0,0,0,0,0,0,0,0
"5345, SA",31,6,0,48,0,4,0,12,24,115
"5346, SA",0,0,0,0,0,0,0,0,0,0
"5350, SA",0,0,0,0,0,0,0,0,0,0
"5351, SA",0,3,0,12,0,0,4,0,4,22
"5352, SA",28,9,0,53,0,12,0,3,20,129
"5353, SA",6,26,0,59,0,0,0,5,15,112
"5354, SA",0,0,0,0,0,0,0,0,0,0
"5355, SA",57,10,0,116,0,73,5,18,29,304
"5356, SA",0,0,0,0,0,0,0,0,0,0
"5357, SA",0,0,0,0,0,0,0,0,0,0
"5360, SA",0,0,0,0,0,0,0,0,0,3
"5371, SA",0,0,0,0,0,0,0,0,0,0
"5372, SA",3,0,0,6,0,0,0,0,4,16
"5373, SA",3,3,0,35,0,0,0,3,7,56
"5374, SA",0,0,0,0,0,0,0,0,5,8
"5381, SA",0,0,0,0,0,0,0,0,0,0
"5400, SA",0,0,0,0,0,0,0,0,0,0
"5401, SA",0,0,0,0,0,0,0,0,4,10
"5410, SA",0,0,0,0,0,0,0,0,0,0
"5411, SA",0,0,0,0,0,0,0,0,0,0
"5412, SA",6,3,0,10,0,0,0,0,5,26
"5413, SA",0,0,0,6,0,0,0,0,5,18
"5414, SA",0,0,0,0,0,0,0,0,0,0
"5415, SA",0,0,0,0,0,0,0,0,0,0
"5416, SA",0,0,0,0,0,0,0,0,0,3
"5417, SA",12,5,0,29,0,0,0,5,12,57
"5418, SA",0,0,0,0,0,0,0,0,0,0
"5419, SA",0,0,0,0,0,0,0,0,0,0
"5420, SA",0,0,0,0,0,0,0,0,0,0
"5421, SA",0,0,0,0,0,0,0,0,0,0
"5422, SA",4,5,0,10,0,0,0,0,6,25
"5431, SA",0,0,0,3,0,0,0,3,0,10
"5432, SA",0,0,0,0,0,0,0,0,0,0
"5433, SA",0,0,0,13,0,0,0,0,4,27
"5434, SA",0,0,0,8,0,0,0,0,0,7
"5440, SA",0,0,0,0,0,0,0,0,0,0
"5451, SA",0,0,0,0,0,0,0,0,0,3
"5452, SA",0,4,0,0,0,0,0,0,0,4
"5453, SA",24,10,0,52,0,3,0,6,21,117
"5454, SA",0,0,0,0,0,0,0,0,0,0
"5455, SA",0,0,0,0,0,0,0,0,0,0
"5460, SA",0,0,0,0,0,0,0,0,0,0
"5461, SA",6,9,0,5,0,0,0,0,5,26
"5462, SA",0,0,0,0,0,0,0,0,0,0
"5464, SA",0,0,0,0,0,0,0,0,0,0
"5470, SA",0,0,0,0,0,0,0,0,0,0
"5471, SA",0,0,0,0,0,0,0,0,0,0
"5472, SA",0,0,0,0,0,0,0,0,0,0
"5473, SA",0,0,0,4,0,3,0,0,3,12
"5480, SA",0,0,0,0,0,0,0,0,0,0
"5481, SA",0,0,0,0,0,0,0,0,4,4
"5482, SA",6,0,0,10,0,0,0,0,4,15
"5483, SA",0,0,0,0,0,0,0,0,10,10
"5485, SA",0,0,0,0,0,0,0,0,6,7
"5490, SA",0,0,0,0,0,0,0,0,0,0
"5491, SA",0,0,0,17,0,0,0,4,7,25
"5493, SA",0,3,0,0,0,0,0,0,3,9
"5495, SA",0,0,0,0,0,0,0,0,0,0
"5501, SA",0,0,0,7,0,0,0,0,0,9
"5502, SA",0,3,0,3,0,0,0,0,0,9
"5510, SA",0,0,0,0,0,0,0,0,0,0
"5520, SA",0,0,0,4,0,0,0,0,0,4
"5521, SA",0,0,0,0,0,0,0,0,0,0
"5522, SA",14,0,0,7,0,11,0,0,12,49
"5523, SA",7,0,0,6,0,3,0,0,4,18
"5540, SA",95,65,0,580,0,12,3,109,169,1030
"5550, SA",3,4,0,12,0,0,0,0,7,21
"5552, SA",0,0,0,0,0,0,0,0,0,0
"5554, SA",33,3,0,61,0,13,3,11,12,135
"5555, SA",0,0,0,0,0,0,0,0,0,0
"5556, SA",8,11,0,74,0,0,0,10,25,123
"5558, SA",16,6,0,37,0,7,0,8,16,99
"5560, SA",0,0,0,0,0,0,0,0,0,0
"5570, SA",0,0,0,0,0,0,0,0,0,3
"5571, SA",4,0,0,0,0,0,0,0,0,4
"5572, SA",0,0,0,0,0,0,0,0,0,0
"5573, SA",3,0,0,3,0,0,0,0,3,15
"5575, SA",0,0,0,14,0,0,0,0,3,17
"5576, SA",0,0,0,9,0,0,0,0,3,12
"5577, SA",0,0,0,0,0,0,0,0,0,0
"5580, SA",0,0,0,0,0,0,0,0,0,4
"5581, SA",3,5,0,3,0,0,0,0,35,50
"5582, SA",4,0,0,4,0,0,0,0,21,24
"5583, SA",4,4,0,6,0,0,0,0,25,38
"5600, SA",41,58,0,264,0,3,0,29,81,480
"5601, SA",0,0,0,0,0,0,0,0,0,0
"5602, SA",10,0,0,12,0,3,0,3,11,43
"5603, SA",0,0,0,0,0,0,0,0,0,0
"5604, SA",0,0,0,0,0,0,0,0,0,0
"5605, SA",22,0,0,27,3,0,0,3,16,75
"5606, SA",78,88,0,409,8,0,4,81,143,806
"5607, SA",0,0,0,5,0,0,0,0,11,16
"5608, SA",407,781,0,1716,16,5,0,333,672,3932
"5609, SA",0,0,0,7,0,0,0,4,10,23
"5630, SA",0,0,0,0,0,0,0,0,0,0
"5631, SA",0,0,0,16,0,0,0,0,7,18
"5632, SA",0,0,0,0,0,0,0,0,0,0
"5633, SA",0,0,0,0,0,0,0,0,0,0
"5640, SA",0,0,0,0,0,0,0,0,0,0
"5641, SA",3,0,0,0,0,3,0,0,3,12
"5642, SA",0,0,0,0,0,0,0,0,0,0
"5650, SA",0,0,0,0,0,0,0,0,0,0
"5651, SA",0,0,0,0,0,0,0,0,0,0
"5652, SA",0,0,0,7,0,0,0,0,3,14
"5653, SA",0,0,0,0,0,0,0,0,0,0
"5654, SA",0,0,0,0,0,0,0,0,0,0
"5655, SA",0,0,0,0,0,0,0,0,0,0
"5660, SA",0,0,0,0,0,0,0,0,0,0
"5661, SA",0,0,0,0,0,0,0,0,0,0
"5670, SA",0,0,0,0,0,0,0,0,0,0
"5671, SA",0,0,0,0,0,0,0,0,0,0
"5680, SA",3,0,0,11,0,0,0,6,10,30
"5690, SA",0,0,0,17,5,0,0,4,10,33
"5700, SA",69,52,0,454,4,0,0,110,190,880
"5701, SA",0,0,0,0,0,0,0,0,0,0
"5710, SA",0,0,0,3,0,0,0,0,0,0
"5713, SA",0,0,0,0,0,0,0,0,0,0
"5715, SA",0,0,0,0,0,0,0,0,0,0
"5717, SA",0,0,0,0,0,0,0,0,0,0
"5719, SA",0,0,0,0,0,0,0,0,0,0
"5720, SA",0,0,0,4,0,0,0,4,4,9
"5722, SA",0,0,0,0,0,0,0,0,0,0
"5723, SA",0,0,0,3,0,0,0,0,0,8
"5724, SA",0,0,0,0,6,0,0,0,0,6
"5725, SA",3,4,0,128,3,0,0,7,121,268
"5730, SA",0,0,0,0,0,0,0,0,0,0
"5731, SA",0,0,0,0,0,0,0,0,0,0
"5732, SA",0,0,0,0,0,0,0,0,0,0
"5733, SA",0,0,0,0,0,0,0,0,0,0
"5734, SA",0,0,0,3,0,0,0,0,0,3
"5950, SA",0,0,0,0,0,0,0,0,0,0
"5960, SA",0,0,0,0,0,0,0,0,0,0
"6000, WA",51,68,0,146,4,4,4,43,49,367
"6003, WA",10,12,0,51,0,0,0,10,6,91
"6004, WA",5,0,0,6,0,0,0,0,10,20
"6005, WA",20,35,0,57,0,0,0,12,11,146
"6006, WA",51,71,0,135,3,5,3,26,74,364
"6007, WA",39,43,0,73,0,0,0,15,21,194
"6008, WA",69,65,0,126,5,0,0,14,41,322
"6009, WA",123,50,0,136,7,7,0,15,77,419
"6010, WA",222,123,0,236,13,0,0,54,86,733
"6011, WA",56,33,0,52,4,0,0,19,43,196
"6012, WA",75,41,0,138,5,30,0,32,42,360
"6014, WA",123,122,0,144,8,0,6,31,36,477
"6015, WA",17,5,0,10,3,0,0,9,6,51
"6016, WA",73,94,0,184,5,0,5,32,51,450
"6017, WA",168,297,0,498,11,0,4,101,163,1245
"6018, WA",625,833,12,1292,22,75,10,230,396,3493
"6019, WA",525,749,6,1128,28,4,7,236,434,3111
"6020, WA",247,190,0,284,12,0,6,64,123,917
"6021, WA",438,699,3,1010,19,21,9,207,302,2711
"6022, WA",48,68,0,47,0,0,6,7,16,191
"6023, WA",88,61,0,57,0,21,3,16,33,281
"6024, WA",104,108,0,87,0,4,0,26,36,372
"6025, WA",260,246,0,243,3,3,3,59,94,919
"6026, WA",329,184,0,136,4,21,0,32,80,782
"6027, WA",192,198,3,301,8,0,4,51,122,876
"6028, WA",83,90,0,133,4,0,0,27,41,373
"6029, WA",13,8,0,7,0,23,4,3,7,74
"6030, WA",272,339,16,539,5,300,26,136,230,1857
"6031, WA",18,132,0,150,0,0,0,23,19,349
"6032, WA",0,0,0,0,0,0,0,0,0,0
"6033, WA",0,0,0,0,0,0,0,0,0,0
"6034, WA",5,102,4,45,0,0,0,11,26,193
"6035, WA",17,30,0,25,0,0,0,6,11,88
"6036, WA",6,61,7,73,0,0,4,27,19,204
"6037, WA",0,0,0,0,0,0,0,0,0,0
"6038, WA",0,36,0,34,0,0,0,12,19,108
"6041, WA",0,0,0,0,0,0,0,0,0,0
"6042, WA",0,0,0,0,0,0,0,0,0,0
"6043, WA",0,0,0,3,0,0,0,0,8,10
"6044, WA",5,3,0,16,0,0,0,3,74,108
"6050, WA",138,78,0,219,4,115,13,64,94,725
"6051, WA",87,182,0,326,0,0,0,73,129,806
"6052, WA",90,103,0,212,8,7,0,46,67,525
"6053, WA",185,187,4,442,8,67,7,75,113,1085
"6054, WA",213,307,9,533,9,15,5,104,159,1359
"6055, WA",53,422,0,215,7,0,0,79,101,887
"6056, WA",308,353,10,1212,13,8,7,225,326,2460
"6057, WA",26,49,0,74,5,3,0,10,18,181
"6058, WA",99,81,4,172,0,103,4,48,59,561
"6059, WA",551,579,0,903,15,48,6,176,283,2576
"6060, WA",910,1228,15,1960,43,8,8,328,628,5146
"6061, WA",691,2162,55,3082,43,18,16,642,728,7430
"6062, WA",407,512,9,712,14,21,5,157,262,2105
"6063, WA",58,115,3,129,3,0,0,27,37,373
"6064, WA",205,371,22,610,4,4,4,111,106,1431
"6065, WA",389,634,5,724,11,154,10,143,212,2278
"6066, WA",52,61,0,173,5,0,0,16,39,349
"6067, WA",0,0,0,0,0,0,0,0,0,0
"6068, WA",0,0,0,0,0,0,0,0,0,0
"6069, WA",345,570,19,386,4,18,5,107,160,1617
"6070, WA",0,6,0,4,0,0,0,5,0,17
"6071, WA",7,0,0,5,0,0,0,0,0,12
"6072, WA",0,0,0,0,0,0,0,0,0,0
"6073, WA",31,4,0,35,0,13,0,9,10,101
"6074, WA",0,0,0,0,0,0,0,0,0,0
"6076, WA",137,32,0,134,9,18,3,32,47,401
"6077, WA",0,0,0,0,0,0,0,0,0,3
"6078, WA",0,0,0,0,0,0,0,0,0,0
"6079, WA",0,0,0,0,0,0,0,0,0,0
"6081, WA",0,0,0,0,0,0,0,0,0,0
"6082, WA",6,3,0,0,0,0,0,0,0,10
"6083, WA",0,0,0,0,0,0,0,0,0,0
"6084, WA",0,0,0,0,0,0,0,0,0,5
"6090, WA",0,0,0,0,0,0,0,0,0,0
"6100, WA",131,167,0,407,10,0,8,65,125,908
"6101, WA",206,334,0,798,20,5,8,176,236,1791
"6102, WA",171,267,6,993,13,24,3,185,224,1892
"6103, WA",78,124,0,341,11,3,5,62,80,710
"6104, WA",86,124,0,399,3,8,0,143,137,909
"6105, WA",173,242,6,430,6,0,0,139,118,1125
"6106, WA",0,0,0,0,0,0,0,0,0,0
"6107, WA",254,489,6,1138,21,47,5,208,369,2531
"6108, WA",159,138,5,237,5,46,4,47,70,711
"6109, WA",143,68,0,140,4,74,11,44,88,573
"6110, WA",227,334,9,637,9,57,5,221,236,1738
"6111, WA",119,166,12,380,0,0,0,58,117,855
"6112, WA",297,736,18,1153,14,97,9,309,388,3016
"6121, WA",0,0,0,0,0,0,0,0,0,0
"6122, WA",0,44,0,33,0,0,0,8,24,108
"6123, WA",0,0,0,0,0,0,0,0,0,0
"6124, WA",0,0,0,3,0,0,0,0,4,3
"6125, WA",0,0,0,0,0,0,0,0,0,0
"6126, WA",0,0,0,0,0,0,0,0,0,0
"6147, WA",112,175,4,277,8,4,3,47,90,706
"6148, WA",264,214,4,406,10,93,7,56,150,1214
"6149, WA",183,118,0,178,3,33,3,27,58,596
"6150, WA",119,37,0,95,0,128,15,98,31,533
"6151, WA",134,81,0,201,8,24,0,25,91,565
"6152, WA",494,478,3,1036,37,30,16,166,339,2594
"6153, WA",281,193,0,436,19,6,4,62,150,1153
"6154, WA",338,179,0,233,13,6,0,79,110,954
"6155, WA",219,388,6,372,18,40,3,56,102,1204
"6156, WA",259,224,0,379,15,5,4,72,127,1077
"6157, WA",481,484,4,761,21,4,3,149,282,2188
"6158, WA",67,49,0,82,0,0,0,17,44,258
"6159, WA",18,33,0,55,0,0,0,6,20,131
"6160, WA",164,156,0,276,0,0,0,46,100,737
"6161, WA",0,0,0,0,0,0,0,81,116,207
"6162, WA",94,101,3,274,6,18,0,47,107,646
"6163, WA",684,618,15,1272,19,21,14,277,462,3389
"6164, WA",222,491,0,625,5,57,8,119,168,1691
"6165, WA",0,0,0,0,0,0,0,0,0,0
"6166, WA",42,51,0,69,0,0,0,12,20,191
"6167, WA",58,130,5,214,0,20,4,62,62,549
"6168, WA",319,131,7,542,9,4,0,127,243,1375
"6169, WA",73,60,0,229,0,0,0,54,178,609
"6170, WA",5,33,0,70,0,0,0,12,24,149
"6171, WA",62,101,0,165,0,55,6,41,71,508
"6172, WA",79,32,0,70,0,74,4,37,33,319
"6173, WA",3,18,0,21,0,0,0,0,5,56
"6174, WA",9,37,8,47,0,0,0,5,38,143
"6175, WA",0,4,0,6,0,0,0,0,5,18
"6176, WA",0,0,0,0,0,0,0,0,0,0
"6180, WA",0,13,0,13,0,0,0,4,4,40
"6181, WA",0,0,0,0,0,0,0,0,0,0
"6182, WA",0,0,0,0,0,0,0,0,0,0
"6207, WA",0,0,0,0,0,0,0,0,4,7
"6208, WA",55,10,0,97,0,24,0,52,28,265
"6209, WA",108,3,0,27,3,0,0,9,0,148
"6210, WA",1055,289,17,1161,19,288,26,323,707,3893
"6211, WA",20,6,0,52,0,0,0,8,20,106
"6213, WA",0,0,0,0,0,0,0,0,0,0
"6214, WA",0,0,0,0,0,0,0,0,0,0
"6215, WA",8,3,0,18,0,0,0,14,3,49
"6218, WA",0,0,0,0,0,0,0,0,0,0
"6220, WA",7,0,0,67,0,13,0,14,7,109
"6221, WA",0,0,0,0,0,0,0,0,0,0
"6223, WA",0,0,0,0,0,0,0,0,0,0
"6224, WA",3,0,0,10,0,0,0,5,0,17
"6225, WA",21,4,0,71,5,0,0,17,28,151
"6226, WA",0,3,0,6,0,0,0,0,0,4
"6227, WA",0,0,0,0,0,0,0,0,0,0
"6228, WA",0,0,0,0,0,0,0,0,0,0
"6229, WA",0,0,0,0,0,0,0,0,0,0
"6230, WA",289,234,5,1271,7,15,10,195,363,2391
"6232, WA",65,40,0,104,0,14,3,31,21,286
"6233, WA",58,21,0,124,0,26,0,32,39,299
"6236, WA",0,0,0,5,0,0,0,0,0,7
"6237, WA",0,0,0,0,0,0,0,0,0,3
"6239, WA",7,4,0,32,0,4,0,9,10,72
"6240, WA",0,0,0,0,0,0,0,0,0,0
"6243, WA",0,0,0,0,0,0,0,0,0,0
"6244, WA",0,0,0,3,0,0,0,0,6,10
"6251, WA",0,0,0,0,0,0,0,0,0,0
"6252, WA",0,0,0,0,0,0,0,0,0,0
"6253, WA",0,0,0,6,0,0,0,0,0,7
"6254, WA",0,0,0,6,0,0,0,0,0,4
"6255, WA",9,0,0,19,0,13,0,3,7,50
"6256, WA",0,0,0,0,0,0,0,0,0,0
"6258, WA",11,13,0,66,0,0,0,17,18,120
"6260, WA",0,0,0,16,0,4,0,4,4,24
"6262, WA",0,0,0,0,0,0,0,0,0,4
"6271, WA",3,5,0,36,0,0,0,3,10,57
"6275, WA",0,0,0,0,0,0,0,0,0,0
"6280, WA",228,88,0,484,5,71,0,127,227,1227
"6281, WA",16,7,0,33,6,0,0,7,73,145
"6282, WA",0,0,0,3,3,0,0,0,0,7
"6284, WA",0,0,0,5,0,0,0,0,21,24
"6285, WA",6,23,0,78,0,0,0,3,36,154
"6286, WA",0,0,0,0,0,0,0,0,0,0
"6288, WA",0,0,0,0,0,0,0,0,0,0
"6290, WA",7,0,0,3,0,0,0,3,18,34
"6302, WA",13,0,0,24,0,9,0,3,25,69
"6304, WA",0,0,0,0,0,0,0,0,0,3
"6306, WA",0,0,0,6,0,0,0,0,0,8
"6308, WA",0,0,0,0,0,0,0,0,0,4
"6309, WA",0,0,0,0,0,0,0,0,0,0
"6311, WA",0,0,0,0,0,0,0,0,4,3
"6312, WA",11,4,0,77,0,0,0,29,33,151
"6313, WA",0,0,0,0,0,0,0,0,0,0
"6315, WA",0,0,0,37,0,0,0,4,11,51
"6316, WA",0,0,0,0,0,0,0,0,0,0
"6317, WA",0,4,0,86,0,0,0,19,23,135
"6318, WA",0,0,0,0,0,0,0,0,0,0
"6320, WA",0,0,0,0,0,0,0,0,0,0
"6321, WA",0,0,0,0,0,0,0,0,0,0
"6322, WA",0,0,0,0,0,0,0,0,0,0
"6323, WA",0,0,0,0,0,0,0,0,0,0
"6324, WA",0,0,0,3,0,0,0,0,4,8
"6326, WA",0,0,0,0,0,0,0,0,0,0
"6327, WA",0,0,0,0,0,0,0,0,0,0
"6328, WA",0,0,0,0,0,0,0,0,5,5
"6330, WA",205,49,0,558,11,41,22,137,259,1285
"6333, WA",13,6,0,46,0,24,0,9,15,102
"6335, WA",0,0,0,10,0,0,0,0,8,20
"6336, WA",0,0,0,0,0,0,0,0,0,0
"6337, WA",0,0,0,9,0,0,0,0,11,18
"6338, WA",0,0,0,8,0,0,0,0,10,13
"6341, WA",0,0,0,0,0,0,0,0,0,0
"6343, WA",0,0,0,0,0,0,0,0,3,7
"6346, WA",0,0,0,3,0,0,0,0,0,4
"6348, WA",0,0,0,15,0,0,0,0,15,25
"6350, WA",0,0,0,0,0,0,0,0,0,5
"6351, WA",0,0,0,0,0,0,0,0,0,0
"6352, WA",0,0,0,0,0,0,0,0,0,0
"6353, WA",0,0,0,11,0,0,0,0,4,17
"6355, WA",0,0,0,0,0,0,0,0,0,0
"6356, WA",0,0,0,0,0,0,0,0,0,0
"6357, WA",0,0,0,0,0,0,0,0,0,0
"6358, WA",0,0,0,0,0,0,0,0,0,0
"6359, WA",0,0,0,0,0,0,0,0,0,4
"6361, WA",0,0,0,0,0,0,0,0,0,0
"6363, WA",0,0,0,0,0,0,0,0,0,0
"6365, WA",0,0,0,15,0,0,0,3,13,30
"6367, WA",0,0,0,0,0,0,0,0,0,0
"6368, WA",0,0,0,0,0,0,0,0,0,0
"6369, WA",0,0,0,0,0,0,0,0,0,6
"6370, WA",0,0,0,4,0,0,0,0,0,7
"6372, WA",0,0,0,0,0,0,0,0,0,0
"6373, WA",0,0,0,0,0,0,0,0,0,0
"6375, WA",3,0,0,10,0,0,0,0,4,18
"6383, WA",0,0,0,0,0,0,0,0,0,0
"6384, WA",0,0,0,0,0,0,0,0,0,0
"6385, WA",0,0,0,0,0,0,0,0,0,0
"6386, WA",0,0,0,0,0,0,0,0,0,0
"6390, WA",0,0,0,7,0,0,0,0,9,23
"6391, WA",0,0,0,11,0,0,0,0,7,16
"6392, WA",0,0,0,3,0,0,0,0,0,5
"6393, WA",0,0,0,0,0,0,0,0,0,0
"6394, WA",0,0,0,0,0,0,0,0,0,0
"6395, WA",0,0,0,6,0,0,0,0,3,18
"6396, WA",0,0,0,0,0,0,0,0,0,0
"6397, WA",0,0,0,0,0,0,0,0,0,0
"6398, WA",0,0,0,4,0,0,0,0,3,7
"6401, WA",3,4,0,44,0,0,0,16,20,83
"6403, WA",0,0,0,0,0,0,0,0,0,0
"6405, WA",0,0,0,0,0,0,0,0,0,0
"6407, WA",0,0,0,0,0,0,0,0,0,0
"6409, WA",0,0,0,0,0,0,0,0,0,0
"6410, WA",0,0,0,19,0,0,0,0,0,25
"6411, WA",0,0,0,0,0,0,0,0,0,0
"6412, WA",0,0,0,0,0,0,0,0,0,0
"6413, WA",0,0,0,0,0,0,0,0,0,0
"6414, WA",0,0,0,0,0,0,0,0,0,0
"6415, WA",0,0,0,42,0,0,0,6,17,67
"6418, WA",0,0,0,20,0,0,0,4,0,26
"6419, WA",0,0,0,0,0,0,0,0,0,0
"6420, WA",0,0,0,0,0,0,0,0,0,0
"6421, WA",0,0,0,0,0,0,0,0,0,0
"6422, WA",0,0,0,0,0,0,0,0,0,0
"6423, WA",0,0,0,0,0,0,0,0,0,0
"6424, WA",0,0,0,0,0,0,0,0,0,0
"6425, WA",0,0,0,0,0,0,0,0,0,0
"6426, WA",0,0,0,10,0,0,0,6,8,23
"6427, WA",0,0,0,0,0,0,0,0,0,0
"6428, WA",0,0,0,0,0,0,0,0,0,0
"6429, WA",0,0,0,6,0,0,0,0,7,8
"6430, WA",63,158,0,813,14,0,4,173,293,1522
"6431, WA",0,0,0,3,0,0,0,0,0,3
"6432, WA",22,54,5,205,3,0,0,59,78,430
"6434, WA",0,0,0,0,0,0,0,0,0,0
"6436, WA",0,0,0,0,0,0,0,3,0,5
"6437, WA",0,0,0,6,12,0,0,3,23,43
"6438, WA",0,0,0,3,0,0,0,8,5,11
"6440, WA",0,0,0,3,0,0,0,0,19,28
"6442, WA",9,12,0,46,0,0,0,18,39,111
"6443, WA",0,0,0,5,0,0,0,0,0,5
"6445, WA",0,0,0,0,0,0,0,0,0,0
"6446, WA",0,0,0,0,0,0,0,0,0,0
"6447, WA",0,0,0,0,0,0,0,0,0,0
"6448, WA",0,0,0,0,0,0,0,0,0,0
"6450, WA",60,15,0,247,7,10,0,76,83,496
"6452, WA",0,0,0,0,0,0,0,0,0,0
"6460, WA",0,0,0,0,0,0,0,0,0,0
"6461, WA",0,0,0,7,0,0,0,0,3,9
"6462, WA",0,0,0,0,0,0,0,0,0,0
"6463, WA",0,0,0,0,0,0,0,0,0,0
"6465, WA",0,0,0,0,0,0,0,0,0,0
"6466, WA",0,0,0,0,0,0,0,0,0,0
"6467, WA",0,0,0,0,0,0,0,0,0,0
"6468, WA",0,0,0,0,0,0,0,0,0,0
"6470, WA",0,0,0,0,0,0,0,0,0,0
"6472, WA",0,0,0,0,0,0,0,0,0,0
"6473, WA",0,0,0,0,0,0,0,0,0,0
"6475, WA",0,0,0,0,0,0,0,0,0,3
"6476, WA",0,0,0,0,0,0,0,0,0,0
"6477, WA",0,0,0,3,6,0,0,0,0,7
"6479, WA",0,0,0,7,0,0,0,0,11,19
"6480, WA",0,0,0,0,0,0,0,0,0,0
"6484, WA",0,0,0,0,0,0,0,0,0,0
"6485, WA",0,0,0,0,0,0,0,0,0,0
"6487, WA",0,0,0,0,0,0,0,0,0,0
"6488, WA",0,0,0,0,4,0,0,0,0,4
"6489, WA",0,0,0,0,0,0,0,0,6,6
"6490, WA",0,0,0,0,0,0,0,0,0,0
"6501, WA",0,0,0,0,0,0,0,0,0,0
"6502, WA",0,0,0,0,0,0,0,0,0,0
"6503, WA",0,0,0,5,0,0,0,0,0,7
"6504, WA",0,0,0,0,0,0,0,0,0,0
"6505, WA",0,0,0,0,0,0,0,0,0,0
"6506, WA",0,0,0,0,0,0,0,0,0,0
"6507, WA",0,0,0,0,0,0,0,0,3,3
"6509, WA",0,0,0,9,0,0,0,0,3,11
"6510, WA",0,0,0,16,0,0,0,7,8,25
"6511, WA",0,0,0,0,0,0,0,0,0,0
"6512, WA",0,0,0,0,0,0,0,0,0,0
"6513, WA",0,0,0,0,0,0,0,0,0,0
"6514, WA",5,0,0,0,0,0,0,0,11,16
"6515, WA",0,0,0,0,0,0,0,0,0,0
"6516, WA",8,0,0,8,0,0,0,10,23,47
"6517, WA",0,0,0,0,0,0,0,0,0,0
"6518, WA",0,0,0,0,0,0,0,0,0,0
"6519, WA",0,0,0,4,0,0,0,0,0,4
"6521, WA",0,0,0,0,0,0,0,0,0,0
"6522, WA",0,0,0,0,0,0,0,0,0,3
"6525, WA",4,0,0,29,5,0,0,4,20,65
"6528, WA",0,0,0,0,0,0,0,0,0,0
"6530, WA",208,92,0,738,18,29,9,180,326,1600
"6532, WA",0,0,0,5,0,0,0,0,3,13
"6535, WA",0,0,0,0,0,0,0,0,0,0
"6536, WA",17,4,0,36,0,0,0,6,47,104
"6537, WA",3,5,0,20,0,0,0,6,7,42
"6556, WA",0,0,0,0,0,0,0,0,0,3
"6558, WA",0,3,0,0,0,0,0,0,0,3
"6560, WA",0,0,0,11,0,0,0,0,4,17
"6562, WA",0,0,0,0,0,0,0,0,0,0
"6564, WA",0,0,0,0,0,0,0,0,0,0
"6566, WA",6,0,0,15,0,0,0,4,4,20
"6567, WA",0,0,0,0,0,0,0,0,0,0
"6568, WA",0,0,0,0,0,0,0,0,0,0
"6569, WA",0,0,0,0,0,0,0,0,0,3
"6571, WA",0,0,0,0,0,0,0,0,0,0
"6572, WA",0,0,0,0,0,0,0,0,0,0
"6574, WA",0,0,0,0,0,0,0,0,0,0
"6575, WA",0,0,0,0,0,0,0,0,0,0
"6603, WA",0,0,0,10,0,0,0,0,0,14
"6605, WA",0,0,0,0,0,0,0,0,0,0
"6606, WA",0,0,0,0,0,0,0,0,0,0
"6608, WA",0,0,0,0,0,0,0,0,0,0
"6609, WA",0,0,0,15,0,0,0,3,4,26
"6612, WA",0,0,0,0,0,0,0,0,0,0
"6613, WA",0,0,0,0,0,0,0,0,0,0
"6614, WA",0,0,0,0,0,0,0,0,0,0
"6616, WA",0,0,0,0,0,0,0,0,0,0
"6620, WA",0,0,0,5,0,0,0,0,0,3
"6623, WA",0,0,0,0,0,0,0,0,0,0
"6625, WA",0,0,0,0,0,0,0,0,0,0
"6627, WA",0,0,0,0,0,0,0,0,0,0
"6628, WA",0,0,0,0,0,0,0,0,0,0
"6630, WA",0,0,0,0,0,0,0,0,5,5
"6631, WA",0,0,0,0,0,0,0,0,0,0
"6632, WA",0,0,0,0,0,0,0,0,0,0
"6635, WA",0,0,0,0,0,0,0,0,0,0
"6638, WA",0,0,0,0,0,0,0,0,10,13
"6639, WA",0,0,0,0,0,0,0,0,0,0
"6640, WA",0,0,0,0,0,0,0,0,0,0
"6642, WA",0,0,0,3,0,0,0,0,4,9
"6646, WA",0,0,0,0,0,0,0,0,0,0
"6701, WA",14,6,0,121,8,0,0,38,46,236
"6705, WA",0,0,0,0,0,0,0,0,0,0
"6707, WA",0,0,0,17,0,0,0,32,11,59
"6710, WA",0,0,0,14,4,0,0,0,0,19
"6711, WA",0,0,0,0,0,0,0,0,0,0
"6712, WA",0,0,0,0,0,0,0,0,0,0
"6713, WA",0,0,0,0,0,0,0,0,0,0
"6714, WA",9,45,0,356,35,0,0,69,294,810
"6716, WA",3,0,0,66,3,0,0,6,25,98
"6718, WA",0,0,0,45,3,0,0,9,25,82
"6720, WA",0,0,0,167,14,0,3,16,109,313
"6721, WA",3,0,0,41,0,0,0,12,33,93
"6722, WA",5,8,0,128,5,0,0,47,135,335
"6725, WA",4,23,0,152,0,0,0,60,63,306
"6726, WA",3,0,0,25,5,0,0,9,17,60
"6728, WA",6,0,0,165,5,0,0,53,143,372
"6731, WA",0,0,0,0,0,0,0,0,0,0
"6733, WA",0,0,0,0,0,0,0,0,0,0
"6740, WA",3,0,0,20,6,0,0,5,3,31
"6743, WA",5,11,0,143,3,0,0,47,79,282
"6751, WA",0,0,0,25,3,0,0,9,27,62
"6753, WA",0,0,0,43,3,0,0,26,107,181
"6754, WA",0,0,0,33,0,0,0,4,21,56
"6758, WA",0,0,0,0,0,0,0,0,0,0
"6760, WA",0,0,0,0,0,0,0,0,0,0
"6762, WA",0,0,0,0,0,0,0,0,0,0
"6765, WA",0,0,0,6,3,0,0,6,0,18
"6770, WA",0,0,0,74,13,0,0,30,33,159
"7000, TAS",38,59,0,90,5,0,3,18,27,242
"7001, TAS",0,0,0,0,0,0,0,0,0,0
"7004, TAS",37,35,0,92,0,0,0,12,41,223
"7005, TAS",44,31,0,117,3,16,4,16,24,252
"7007, TAS",15,25,0,52,0,0,0,7,12,111
"7008, TAS",26,27,0,189,0,4,0,30,35,306
"7009, TAS",27,26,0,154,0,0,0,31,28,267
"7010, TAS",34,22,0,201,0,0,0,57,47,369
"7011, TAS",31,26,0,225,5,7,0,47,42,385
"7012, TAS",0,0,0,0,0,0,0,0,0,0
"7015, TAS",27,7,0,73,0,17,6,10,39,181
"7016, TAS",4,9,0,28,0,0,0,4,3,46
"7017, TAS",0,0,0,7,0,0,0,0,0,22
"7018, TAS",43,30,0,251,0,0,0,33,47,403
"7019, TAS",3,4,0,85,0,0,3,17,17,134
"7020, TAS",0,0,0,0,0,0,0,0,0,4
"7021, TAS",4,0,0,3,0,8,0,0,4,26
"7022, TAS",0,0,0,0,0,0,0,0,0,0
"7023, TAS",0,0,0,0,0,0,0,0,0,0
"7024, TAS",0,0,0,0,0,0,0,0,0,0
"7025, TAS",0,0,0,6,0,0,0,0,3,14
"7026, TAS",0,0,0,0,0,0,0,0,0,0
"7027, TAS",0,0,0,0,0,0,0,0,0,0
"7030, TAS",10,10,0,61,0,0,0,25,15,120
"7050, TAS",52,24,0,165,0,0,0,25,38,311
"7052, TAS",10,16,0,17,0,0,0,6,4,43
"7053, TAS",5,5,0,22,0,9,0,5,0,38
"7054, TAS",11,3,0,23,0,5,0,6,4,50
"7055, TAS",0,0,0,0,0,0,0,0,0,6
"7109, TAS",14,4,0,32,0,0,0,7,15,72
"7112, TAS",3,3,0,6,0,0,0,3,0,11
"7113, TAS",0,0,0,0,0,0,0,0,0,3
"7116, TAS",0,0,0,5,0,0,0,0,0,6
"7117, TAS",0,0,0,0,0,0,0,0,0,0
"7119, TAS",0,0,0,0,0,0,0,0,0,0
"7120, TAS",0,0,0,0,0,0,0,0,0,0
"7139, TAS",0,0,0,0,0,0,0,0,0,0
"7140, TAS",16,3,0,73,0,0,0,20,30,143
"7150, TAS",5,5,0,0,0,0,0,3,23,44
"7155, TAS",0,0,0,0,0,0,0,0,0,0
"7162, TAS",0,0,0,0,0,0,0,0,0,0
"7163, TAS",0,0,0,0,0,0,0,0,0,0
"7170, TAS",0,0,0,0,0,0,0,0,0,0
"7171, TAS",3,10,0,26,0,0,0,4,5,41
"7172, TAS",4,4,0,13,0,0,0,0,3,25
"7173, TAS",0,0,0,0,0,0,0,0,0,8
"7174, TAS",0,0,0,0,0,0,0,0,0,0
"7175, TAS",0,0,0,0,0,0,0,0,0,0
"7176, TAS",0,0,0,0,0,0,0,0,0,0
"7177, TAS",0,0,0,0,0,0,0,0,0,0
"7178, TAS",0,0,0,0,0,0,0,0,0,0
"7179, TAS",0,0,0,0,0,0,0,0,0,0
"7180, TAS",0,0,0,0,0,0,0,0,0,0
"7182, TAS",0,0,0,0,0,0,0,0,0,0
"7183, TAS",0,0,0,0,0,0,0,0,0,0
"7184, TAS",0,0,0,0,0,0,0,0,0,0
"7185, TAS",0,0,0,0,0,0,0,0,0,0
"7186, TAS",0,0,0,0,0,0,0,0,0,0
"7187, TAS",0,0,0,0,0,0,0,0,0,0
"7190, TAS",0,3,0,24,0,4,0,6,15,59
"7209, TAS",0,0,0,0,0,0,0,0,0,0
"7210, TAS",0,0,0,10,0,0,0,0,0,13
"7211, TAS",0,0,0,0,0,0,0,0,0,0
"7212, TAS",0,0,0,0,0,0,0,0,0,0
"7213, TAS",0,0,0,0,0,0,0,0,0,0
"7214, TAS",0,0,0,0,0,0,0,5,0,8
"7215, TAS",0,4,0,6,0,0,0,0,3,13
"7216, TAS",8,0,0,35,0,0,0,9,12,59
"7248, TAS",94,54,0,628,3,3,0,111,99,998
"7249, TAS",29,10,0,164,0,30,0,29,58,319
"7250, TAS",190,82,4,602,5,43,6,124,191,1250
"7252, TAS",0,0,0,0,0,0,0,0,0,0
"7253, TAS",4,0,0,78,0,3,0,20,34,140
"7254, TAS",0,0,0,0,0,0,0,0,0,0
"7255, TAS",0,0,0,0,0,0,0,0,0,0
"7256, TAS",4,0,0,22,0,0,0,6,4,36
"7257, TAS",0,0,0,0,0,0,0,0,0,0
"7258, TAS",0,0,0,0,0,0,0,0,0,0
"7259, TAS",0,0,0,0,0,0,0,0,0,0
"7260, TAS",5,0,0,37,0,3,0,5,0,44
"7261, TAS",0,0,0,0,0,0,0,0,0,0
"7262, TAS",0,0,0,8,0,0,0,0,7,21
"7263, TAS",0,0,0,0,0,0,0,0,0,3
"7264, TAS",0,0,0,0,0,0,0,0,0,0
"7265, TAS",0,0,0,0,0,0,0,0,0,0
"7267, TAS",0,0,0,0,0,0,0,0,0,0
"7268, TAS",0,0,0,0,0,0,0,0,0,0
"7270, TAS",0,0,0,22,0,0,0,7,11,40
"7275, TAS",0,0,0,0,0,0,0,0,0,0
"7276, TAS",0,0,0,0,0,0,0,0,0,5
"7277, TAS",13,12,0,18,0,0,0,0,3,42
"7290, TAS",6,4,0,13,0,0,0,0,11,33
"7291, TAS",0,0,0,0,0,0,0,0,0,0
"7292, TAS",0,0,0,0,0,0,0,0,0,0
"7300, TAS",0,0,0,26,0,0,0,4,3,33
"7301, TAS",15,3,0,51,0,0,0,8,8,84
"7302, TAS",0,0,0,0,0,0,0,0,0,0
"7303, TAS",0,0,0,18,0,0,0,0,6,27
"7304, TAS",6,0,0,31,0,0,0,6,11,51
"7305, TAS",0,0,0,0,0,0,0,0,0,0
"7306, TAS",37,12,0,4,0,0,0,0,3,52
"7307, TAS",13,9,0,113,0,8,0,16,19,181
"7310, TAS",177,39,0,635,4,5,0,109,182,1146
"7315, TAS",115,27,0,339,0,13,0,46,76,617
"7316, TAS",19,3,0,48,0,11,3,12,29,126
"7320, TAS",33,13,0,357,0,0,0,42,77,538
"7321, TAS",17,13,0,11,0,0,0,3,31,74
"7322, TAS",17,0,0,74,0,4,0,11,10,123
"7325, TAS",26,7,0,180,4,3,0,37,36,289
"7330, TAS",0,0,0,0,0,0,0,0,0,0
"7331, TAS",0,0,0,0,0,0,0,0,0,3
"7466, TAS",0,0,0,0,0,0,0,0,0,0
"7467, TAS",0,0,0,3,0,0,0,0,6,8
"7468, TAS",0,0,0,0,0,0,0,0,0,0
"7469, TAS",0,0,0,0,0,0,0,0,0,0
"7470, TAS",0,0,0,6,0,0,0,0,11,30
"0800, NT",0,0,0,4,0,0,0,0,4,7
"0810, NT",96,124,0,349,6,16,6,73,81,747
"0812, NT",60,125,4,273,0,0,0,97,76,638
"0815, NT",0,0,0,0,0,0,0,0,0,0
"0820, NT",61,86,0,334,3,6,0,68,97,661
"0822, NT",6,4,0,299,64,3,3,64,46,487
"0828, NT",6,29,0,71,0,0,0,8,49,162
"0829, NT",0,0,0,4,0,0,0,0,0,6
"0830, NT",11,70,3,239,0,0,0,58,58,441
"0832, NT",24,123,7,358,4,0,0,47,79,654
"0834, NT",0,0,0,0,0,0,0,0,0,0
"0835, NT",0,3,0,0,0,0,0,0,0,3
"0836, NT",0,0,0,0,0,0,0,0,0,4
"0837, NT",0,0,0,0,0,0,0,0,0,0
"0838, NT",0,0,0,0,0,0,0,0,0,0
"0839, NT",5,3,0,35,0,0,0,11,8,54
"0840, NT",0,0,0,0,0,0,0,0,0,0
"0841, NT",0,0,0,0,0,0,0,0,0,0
"0845, NT",0,0,0,4,0,0,0,0,4,10
"0846, NT",0,0,0,5,0,0,0,0,4,11
"0847, NT",0,0,0,6,0,0,0,4,5,15
"0850, NT",0,5,0,143,14,0,4,54,34,254
"0852, NT",4,0,0,73,11,0,0,16,22,124
"0853, NT",0,0,0,0,0,0,0,0,0,0
"0854, NT",0,0,0,5,0,0,0,4,11,15
"0860, NT",3,0,0,27,8,0,0,9,39,95
"0862, NT",0,0,0,4,3,0,0,0,0,5
"0870, NT",74,268,8,714,48,4,6,203,240,1560
"0873, NT",6,8,0,47,0,0,0,13,10,81
"0874, NT",7,7,0,36,25,0,0,0,3,78
"0875, NT",23,57,0,138,0,0,0,25,46,285
"0880, NT",4,0,0,80,36,0,0,26,49,201
"0885, NT",0,0,0,3,12,0,0,4,5,28
"0886, NT",0,0,0,28,3,0,0,12,4,52
"2600, ACT",100,28,0,68,3,13,6,28,36,273
"2601, ACT",0,0,0,0,0,0,0,0,0,0
"2602, ACT",176,197,0,540,5,5,3,142,124,1194
"2603, ACT",35,13,0,66,3,7,0,17,30,182
"2604, ACT",27,28,0,57,0,3,0,15,13,146
"2605, ACT",41,19,0,77,0,14,3,21,23,193
"2606, ACT",77,44,0,101,0,4,0,36,26,304
"2607, ACT",184,126,0,310,4,0,7,45,87,766
"2609, ACT",0,0,0,15,0,0,0,0,0,19
"2612, ACT",69,34,0,108,4,11,3,27,44,301
"2614, ACT",397,253,0,342,5,43,7,86,134,1276
"2615, ACT",416,729,5,878,18,24,10,132,212,2411
"2617, ACT",208,182,0,454,9,18,11,54,110,1041
"2900, ACT",106,45,0,91,3,3,0,9,22,278
"2902, ACT",146,150,0,236,0,0,0,37,51,622
"2903, ACT",33,37,0,74,0,0,0,16,25,190
"2904, ACT",133,35,0,61,3,67,26,46,28,393
"2905, ACT",142,231,0,394,8,4,0,59,80,908
"2906, ACT",210,427,0,432,0,21,15,75,110,1286
"2911, ACT",0,14,0,11,0,0,0,0,0,28
"2912, ACT",33,77,0,79,0,0,0,11,9,208
"2913, ACT",324,857,0,900,5,11,10,123,165,2396
"2914, ACT",32,250,0,214,0,0,0,40,41,573
"2899, OT",0,0,0,0,0,0,0,0,0,0
"6798, OT",17,4,0,33,7,0,0,6,14,74
"6799, OT",0,0,0,0,0,0,0,0,0,0
0872 crosses NT/SA/WA,4,0,0,140,53,5,4,55,59,314
2406 crosses NSW/QLD,0,0,0,8,0,0,0,0,13,31
2540 crosses NSW/OT,130,35,0,221,3,63,15,71,196,729
2611 crosses ACT/NSW,299,184,3,465,8,16,6,82,138,1206
2618 crosses ACT/NSW,0,0,0,9,0,0,0,0,0,11
2620 crosses NSW/ACT,229,278,0,633,8,12,12,138,158,1466
3644 crosses VIC/NSW,29,8,0,103,0,4,0,20,33,193
3691 crosses VIC/NSW,0,5,0,5,0,0,0,0,3,21
3707 crosses VIC/NSW,0,0,0,0,0,0,0,0,0,0
4375 crosses QLD/NSW,0,0,0,0,0,0,0,0,0,0
4377 crosses QLD/NSW,0,0,0,0,0,0,0,0,0,0
4380 crosses QLD/NSW,33,6,0,54,0,0,0,10,15,121
4383 crosses QLD/NSW,0,0,0,0,0,0,0,0,0,0
4385 crosses QLD/NSW,0,0,0,7,0,0,0,3,0,18
4825 crosses QLD/NT,34,44,0,667,29,0,0,119,263,1168
