postcode,outright,mortgage,rent
2000,16,27,83
2007,64,28,120
2008,183,208,559
2009,62,106,230
2010,686,814,1625
2011,111,137,599
2015,374,600,629
2016,449,496,720
2017,135,249,575
2018,1070,653,469
2019,694,962,426
2020,840,686,414
2021,1310,1140,1204
2022,755,712,491
2023,795,526,149
2024,808,752,276
2025,649,431,315
2026,1269,1256,700
2027,372,174,121
2028,258,140,94
2029,551,415,162
2030,1546,1045,375
2031,1883,1629,807
2032,1136,708,946
2033,552,337,264
2034,949,867,446
2035,3078,2221,1390
2036,2418,2035,1450
2037,837,748,1791
2038,773,942,764
2039,598,886,648
2040,1876,2497,1829
2041,1620,1473,1045
2042,1061,1460,1909
2043,287,588,596
2044,704,938,634
2045,1056,610,242
2046,2607,1984,1094
2047,856,719,335
2048,606,636,520
2049,734,912,556
2050,238,336,396
2060,790,483,542
2061,139,60,56
2062,455,445,284
2063,877,572,227
2064,491,398,224
2065,1727,1490,920
2066,2549,2322,898
2067,1578,1178,707
2068,2003,1785,682
2069,1816,1419,453
2070,1464,1206,381
2071,1483,1098,350
2072,714,545,255
2073,1992,1954,486
2074,2743,2514,624
2075,2609,2380,549
2076,2802,2945,871
2077,2648,2957,1241
2079,826,1096,287
2080,197,271,76
2081,625,845,199
2082,683,823,189
2083,213,220,108
2084,437,419,126
2085,1714,1495,369
2086,1615,1871,503
2087,1659,1550,545
2088,2611,1840,727
2089,431,333,210
2090,727,589,291
2092,834,893,334
2093,2195,2187,711
2094,459,447,215
2095,640,470,332
2096,988,1012,385
2097,1451,1579,398
2099,2537,2769,1431
2100,2148,2435,846
2101,1650,1643,754
2102,621,888,281
2103,1204,976,376
2104,590,367,200
2105,275,252,68
2106,1002,1022,294
2107,1940,1857,486
2108,318,124,102
2109,21,0,99
2110,1177,969,318
2111,1518,1313,597
2112,2953,2579,1633
2113,1811,1652,1026
2114,1867,1656,930
2115,863,1109,1181
2116,524,760,747
2117,1850,2284,1881
2118,2600,2237,1275
2119,1666,1386,352
2120,2496,2653,961
2121,2956,2334,1278
2122,2987,2557,2427
2123,0,0,0
2125,2218,2142,558
2126,2230,2493,815
2127,318,515,237
2128,85,139,150
2130,406,372,235
2131,1147,791,647
2132,1117,853,475
2133,1150,1045,586
2134,923,446,540
2135,2017,1320,731
2136,785,612,387
2137,2426,1783,924
2138,942,769,435
2140,314,312,338
2141,2096,1896,1849
2142,1239,1339,1601
2143,740,650,625
2144,1854,1664,1807
2145,6158,6971,5380
2146,1696,2006,1304
2147,3693,4522,3215
2148,5042,6417,5616
2150,484,419,769
2151,1523,1622,1151
2152,936,1189,695
2153,6265,7656,2502
2154,4168,4615,1983
2155,3330,8963,2608
2156,1699,1564,435
2157,436,449,180
2158,1059,976,357
2159,671,575,203
2160,2578,2275,2461
2161,2057,2426,2374
2162,1613,1533,1635
2163,464,484,903
2164,2032,1763,1516
2165,3023,2607,3282
2166,3857,3252,3939
2167,689,1249,872
2168,2927,4291,3644
2170,7229,10019,6651
2171,1777,5454,1631
2172,238,440,121
2173,841,2006,1228
2174,81,336,141
2175,278,121,97
2176,5418,4558,2778
2177,1323,1538,1370
2178,482,341,217
2179,737,443,555
2190,2178,2185,2038
2191,689,681,507
2192,1040,758,627
2193,1647,1186,558
2194,1047,782,829
2195,899,743,687
2196,2590,2597,1793
2197,840,856,703
2198,1100,956,435
2199,1483,1427,1275
2200,2718,2314,2116
2203,975,822,458
2204,1916,1714,1327
2205,978,835,559
2206,2689,1870,975
2207,3180,2660,1437
2208,1706,1129,772
2209,1672,1336,1022
2210,3399,2873,1694
2211,1939,1899,1296
2212,1610,1673,1370
2213,2590,2663,1520
2214,580,551,118
2216,1792,1303,851
2217,2198,1497,901
2218,1043,773,501
2219,1769,1110,658
2220,1977,1511,1046
2221,2102,1762,672
2222,1093,839,423
2223,2408,1860,768
2224,1956,1539,674
2225,664,841,127
2226,1449,1704,510
2227,1769,1763,597
2228,1866,1706,944
2229,3668,3139,1166
2230,2498,2158,587
2231,243,323,102
2232,3440,3516,1120
2233,3578,4309,675
2234,3867,4345,952
2250,6953,8225,5220
2251,4504,4490,2097
2256,2385,1650,1687
2257,4304,3157,2764
2258,571,766,362
2259,6823,7522,4796
2260,2792,2918,1312
2261,6018,6350,4849
2262,2596,2702,1903
2263,3115,2470,2425
2264,2305,1570,1284
2265,688,721,438
2267,440,346,190
2278,258,453,118
2280,3795,3462,1812
2281,2289,1567,997
2282,2437,1872,869
2283,3364,2950,1919
2284,1349,1363,977
2285,3219,4816,2358
2286,455,645,246
2287,3941,4979,3399
2289,2578,2629,1328
2290,4595,4418,2615
2291,1735,1491,961
2292,268,334,333
2293,252,298,400
2294,182,229,314
2295,1165,718,530
2296,166,224,319
2297,177,215,180
2298,926,1067,1135
2299,1159,1028,1442
2300,635,558,771
2302,5,0,3
2303,1139,830,957
2304,1481,1926,2013
2305,1676,1678,1029
2306,108,142,935
2307,466,485,532
2308,0,0,0
2311,163,75,68
2312,223,177,89
2315,2291,1287,1365
2316,806,648,422
2317,1080,567,584
2318,1312,1728,800
2319,1025,784,645
2320,3434,4635,3326
2321,1435,2007,1194
2322,2088,2650,1515
2323,2833,3250,2654
2324,3063,2553,2583
2325,3319,3213,2785
2326,912,974,568
2327,957,920,846
2328,310,274,228
2329,308,187,213
2330,2037,2547,1923
2333,1186,1539,2019
2334,267,448,220
2335,587,905,437
2336,307,301,213
2337,921,938,725
2338,234,161,135
2339,101,64,47
2340,5546,5439,5392
2341,282,129,174
2342,64,57,44
2343,743,472,532
2344,104,102,41
2345,106,106,33
2346,508,303,284
2347,406,131,194
2350,3027,2434,2890
2352,378,385,203
2353,166,143,47
2354,640,302,317
2355,111,78,45
2356,28,11,13
2357,685,370,364
2358,613,433,333
2359,119,69,67
2360,1822,1547,1361
2361,175,71,67
2365,568,365,348
2369,150,87,54
2370,1156,778,730
2371,278,100,70
2372,934,452,448
2379,45,26,27
2380,1264,1153,1061
2381,189,112,108
2382,195,112,162
2386,51,20,42
2387,23,14,23
2388,299,228,301
2390,1024,959,779
2395,152,56,53
2396,169,63,93
2397,57,16,52
2398,34,19,23
2399,76,68,42
2400,920,900,1075
2401,46,39,26
2402,328,153,171
2403,120,68,43
2404,393,139,164
2405,83,30,66
2408,42,24,54
2409,84,31,173
2410,48,26,29
2411,9,3,10
2415,57,37,39
2420,688,452,314
2421,248,291,64
2422,1058,462,453
2423,588,287,219
2424,80,41,33
2425,275,240,88
2426,121,89,52
2427,731,211,281
2428,4442,1999,1868
2429,1738,1073,696
2430,5277,3374,3143
2431,1072,416,473
2439,538,332,125
2440,3065,2206,1783
2441,639,531,308
2443,1820,675,700
2444,6397,4420,4162
2445,1113,760,377
2446,1880,1539,996
2447,1211,721,508
2448,1463,760,890
2449,391,210,203
2450,5187,4356,3633
2452,1835,1659,1602
2453,598,247,240
2454,1186,822,643
2455,549,267,307
2456,2055,1553,1238
2460,4200,3182,2432
2462,433,232,202
2463,1302,787,583
2464,1290,523,676
2465,50,42,31
2466,381,85,202
2469,800,378,309
2470,2017,1622,1278
2471,323,290,189
2472,238,219,150
2473,498,232,417
2474,1110,674,514
2475,72,28,36
2476,154,73,82
2477,1969,1348,957
2478,4070,2697,3027
2479,644,519,388
2480,5789,5113,4101
2481,1204,996,1123
2482,875,576,568
2483,1400,1204,963
2484,2560,2091,1491
2485,1684,1061,1192
2486,4975,3485,2462
2487,1475,1227,959
2488,325,412,318
2489,775,860,562
2490,75,100,57
2500,3007,2307,2370
2502,1666,916,1104
2505,726,431,374
2506,867,728,864
2508,859,1320,311
2515,1408,1400,582
2516,633,823,331
2517,1577,1622,802
2518,2319,1852,2259
2519,2387,1656,1405
2525,1573,1444,480
2526,1890,1924,1124
2527,2228,3130,1415
2528,3140,2113,2454
2529,3052,3341,1928
2530,3901,4560,2156
2533,2516,1741,859
2534,827,602,321
2535,1324,689,452
2536,2957,1624,1549
2537,2265,1187,985
2538,397,250,115
2539,3621,1746,1568
2541,3096,2641,3222
2545,225,113,49
2546,1942,785,742
2548,1367,756,676
2549,684,427,230
2550,2662,1873,1213
2551,547,293,362
2555,30,11,29
2556,310,220,135
2557,618,1253,548
2558,859,1794,724
2559,23,45,623
2560,6001,8947,7453
2563,31,21,36
2564,981,1507,1807
2565,1644,2508,1725
2566,1912,3677,2146
2567,2526,6533,2300
2568,154,121,56
2569,154,209,36
2570,3522,6224,2322
2571,1040,2042,479
2572,449,616,295
2573,513,637,502
2574,598,890,256
2575,1964,2134,1027
2576,2639,1336,927
2577,2259,1827,1209
2578,615,311,133
2579,670,554,241
2580,3808,3407,2793
2581,277,333,125
2582,1420,1942,802
2583,873,431,320
2584,87,73,55
2585,47,14,27
2586,483,281,209
2587,512,344,211
2588,60,19,12
2590,1247,755,664
2594,1570,1239,1138
2619,765,1568,639
2621,550,1045,302
2622,673,443,265
2623,72,111,38
2625,0,0,5
2626,56,76,14
2627,475,472,447
2628,303,234,162
2629,133,35,44
2630,1305,1022,772
2631,121,60,42
2632,338,179,147
2633,95,36,25
2640,4132,4579,4206
2641,1799,1745,2197
2642,644,669,245
2643,404,367,187
2644,394,281,173
2645,71,37,27
2646,1126,743,552
2647,360,226,158
2648,361,222,190
2649,5,8,0
2650,5882,6726,5496
2651,112,286,198
2652,656,532,295
2653,386,252,219
2655,196,180,76
2656,248,116,88
2658,272,117,110
2659,146,106,41
2660,235,199,118
2663,526,511,391
2665,446,151,151
2666,962,586,436
2668,88,37,27
2669,358,110,118
2671,617,421,327
2672,188,90,155
2675,204,96,178
2680,2588,2180,1976
2681,218,202,120
2700,711,520,442
2701,318,279,140
2702,132,93,40
2703,83,68,62
2705,1244,1095,887
2706,131,109,153
2707,176,112,132
2710,1510,1110,873
2711,506,238,348
2712,233,138,98
2713,418,273,281
2714,505,259,205
2715,233,112,156
2716,168,103,94
2717,168,105,152
2720,1166,891,727
2721,41,10,21
2722,501,321,276
2725,83,51,14
2726,38,23,19
2727,63,23,17
2729,293,189,104
2730,248,156,119
2731,924,729,472
2732,367,165,141
2733,101,40,46
2734,65,36,24
2735,60,56,28
2736,69,30,20
2737,103,71,59
2738,212,234,82
2739,125,190,95
2745,2111,4601,1778
2747,3097,5634,4015
2748,261,160,72
2749,1176,2588,1348
2750,4607,5137,4104
2752,447,849,161
2753,1791,2039,1330
2754,659,644,558
2756,2913,4866,2750
2757,105,120,37
2758,980,1414,212
2759,2292,4036,1426
2760,2304,3788,3791
2761,1500,4715,2059
2762,363,718,385
2763,1967,4345,2267
2765,1585,1515,1139
2766,1057,1813,1228
2767,1403,2853,2133
2768,1665,4509,1524
2769,338,2203,667
2770,3572,4846,7444
2773,900,835,263
2774,1718,1975,682
2775,226,204,81
2776,536,646,206
2777,2415,2685,931
2778,329,461,83
2779,658,849,271
2780,2032,1632,1250
2782,1099,778,468
2783,353,422,177
2784,163,231,69
2785,859,595,450
2786,217,165,101
2787,644,475,334
2790,2426,1662,1505
2791,59,34,21
2792,73,45,21
2793,194,97,48
2794,1591,1074,975
2795,4837,4964,3980
2797,69,67,21
2798,259,294,107
2799,526,489,358
2800,5028,5406,4700
2803,64,31,9
2804,463,289,209
2805,81,51,16
2806,149,89,62
2807,91,44,14
2808,44,23,4
2809,38,19,12
2810,634,311,259
2817,58,31,20
2818,123,127,35
2820,881,562,616
2821,627,529,417
2822,68,60,18
2823,226,116,130
2824,328,184,234
2825,345,190,262
2826,42,12,13
2827,562,328,376
2828,126,51,96
2829,410,249,297
2830,3996,4851,3774
2831,267,224,120
2832,195,111,324
2833,75,25,98
2834,397,95,276
2835,453,383,480
2836,98,23,132
2838,23,4,66
2839,110,38,230
2840,239,181,322
2842,124,67,40
2843,188,111,121
2844,242,105,122
2845,147,160,142
2846,65,26,13
2847,354,255,107
2848,312,135,189
2849,317,131,131
2850,2187,2026,1701
2852,469,385,299
2864,143,97,37
2865,136,107,49
2866,411,335,239
2867,99,62,52
2868,115,52,65
2869,266,110,139
2870,1454,1327,1090
2871,1278,1007,820
2873,109,42,47
2874,90,38,27
2875,161,93,71
2876,68,37,20
2877,529,340,404
2878,54,11,34
2879,103,20,80
2880,3114,2162,1634
2898,52,32,52
3000,16,12,28
3002,279,107,164
3003,116,150,295
3004,5,3,13
3006,35,37,108
3008,26,39,40
3011,1163,1636,1961
3012,1998,2814,2787
3013,1486,1994,1437
3015,1736,2464,1653
3016,1927,1794,1010
3018,1984,1367,1223
3019,589,766,1367
3020,5000,3944,3914
3021,6254,4639,4459
3022,358,315,329
3023,4417,9331,4027
3024,1186,4018,2026
3025,1677,1138,1116
3026,6,0,5
3027,168,1141,616
3028,3337,3448,2724
3029,5365,13735,6937
3030,6655,14588,9313
3031,1035,1446,1802
3032,2461,2685,1954
3033,2376,1620,887
3034,2126,1049,746
3036,974,738,229
3037,3848,7840,2613
3038,4008,3142,1165
3039,1590,1358,900
3040,2860,2353,1617
3041,1605,1389,608
3042,2413,1902,1328
3043,2482,2191,1597
3044,3251,3178,2658
3045,0,0,0
3046,3978,3509,3432
3047,1543,1474,1913
3048,1340,1941,1528
3049,1099,1343,528
3051,457,464,1011
3052,238,162,327
3053,330,202,713
3054,916,521,1124
3055,1253,1080,1169
3056,2084,1791,2680
3057,928,732,1215
3058,3909,3667,3328
3059,1581,2371,388
3060,1812,1193,1250
3061,601,459,252
3062,0,0,0
3063,65,77,23
3064,3297,11720,5063
3065,518,432,793
3066,234,322,555
3067,386,457,537
3068,1693,1455,1925
3070,2655,2317,2264
3071,1841,1725,1733
3072,3413,3076,3498
3073,6260,4745,6322
3074,3074,1638,1615
3075,3025,2108,1616
3076,2419,4489,2760
3078,1183,1080,851
3079,2052,1634,997
3081,1144,1270,2049
3082,3576,3765,1950
3083,3721,3173,2404
3084,3715,2838,1487
3085,1761,1824,1134
3087,1309,1242,742
3088,3651,4027,1547
3089,1299,1996,400
3090,261,367,30
3091,224,198,29
3093,575,526,189
3094,1256,1420,577
3095,3554,4202,838
3096,235,296,33
3097,168,201,30
3099,610,805,165
3101,2926,2089,1465
3102,888,724,391
3103,2304,1389,1060
3104,3103,2107,1186
3105,1976,936,643
3106,2634,1843,686
3107,2295,1492,767
3108,3162,1684,1585
3109,4044,2800,1805
3111,1797,1474,647
3113,1084,1315,186
3114,523,531,46
3115,466,601,75
3116,1269,1552,439
3121,1974,1913,2658
3122,1748,1210,851
3123,1317,1017,676
3124,2880,2093,1228
3125,1594,1277,1513
3126,1134,807,446
3127,2519,2036,1216
3128,1683,1619,1851
3129,2331,1880,1518
3130,4460,3838,2288
3131,2881,2766,2179
3132,2012,2134,1498
3133,3397,2821,1155
3134,3789,4312,2862
3135,2501,2776,1704
3136,5418,6582,3577
3137,1643,2230,907
3138,2374,3466,1399
3139,1489,2482,460
3140,1882,2601,1161
3141,1008,587,950
3142,1458,752,477
3143,890,532,396
3144,1427,859,414
3145,2721,2256,1473
3146,3071,2482,1290
3147,1596,1494,1129
3148,804,848,1012
3149,4412,2788,1843
3150,9131,5542,3929
3151,1622,963,889
3152,4312,4101,2238
3153,2038,2978,1888
3154,499,779,147
3155,2697,3292,2148
3156,4327,6048,2147
3158,762,1270,235
3159,269,486,56
3160,978,1721,328
3161,1699,1179,895
3162,2214,1769,1186
3163,3108,2812,2451
3165,3264,3222,1684
3166,2561,2372,2170
3167,1332,1095,666
3168,1285,1031,2849
3169,2497,1701,1953
3170,2517,2369,1376
3171,2095,1428,2140
3172,2995,2750,1280
3173,2461,3639,1278
3174,3546,3268,3674
3175,4555,4129,5471
3177,933,1095,1392
3178,3497,5239,1515
3179,678,870,391
3180,989,1013,574
3181,1174,977,1299
3182,666,674,633
3183,919,950,719
3184,766,747,399
3185,1232,1070,627
3186,3266,2081,1345
3187,2211,1856,1060
3188,2172,1980,1290
3189,713,740,432
3190,1213,1413,900
3191,1318,1038,520
3192,2726,2717,1452
3193,3181,2315,908
3194,1567,1448,1123
3195,3929,4931,1877
3196,2564,3112,1584
3197,1459,1641,843
3198,1828,2323,2067
3199,5975,7011,6410
3200,562,540,941
3201,1461,3431,1974
3202,243,399,182
3204,3508,3236,2043
3205,649,599,871
3206,1368,892,856
3207,1103,1035,1242
3211,182,188,33
3212,1584,2441,1168
3213,473,569,144
3214,2434,2243,3712
3215,3029,2279,2117
3216,7235,7236,5176
3217,383,1236,459
3218,1465,1655,1401
3219,2571,2485,2693
3220,2112,1778,1775
3221,99,110,13
3222,2317,2040,938
3223,1576,669,710
3224,1805,2162,888
3225,940,329,269
3226,2005,1940,1107
3227,736,577,270
3228,2097,2436,1405
3230,496,258,189
3231,256,141,86
3232,187,68,105
3233,343,173,218
3234,37,24,17
3235,49,57,22
3236,48,28,14
3237,43,28,14
3238,33,36,17
3239,74,54,27
3240,283,303,44
3241,368,337,183
3242,132,120,63
3243,72,51,11
3249,515,442,157
3250,1819,1472,1172
3251,91,66,26
3254,36,53,19
3260,821,538,404
3264,336,242,158
3265,322,333,208
3266,491,329,237
3267,28,27,19
3268,391,289,220
3269,74,59,79
3270,54,22,25
3271,43,13,20
3272,282,177,131
3273,22,14,9
3274,37,28,15
3275,48,76,15
3276,67,65,27
3277,212,230,105
3278,36,50,16
3279,33,24,24
3280,4005,3589,3410
3281,185,270,54
3282,305,355,149
3283,183,196,58
3284,597,335,293
3285,191,160,76
3286,112,71,42
3287,56,53,36
3289,142,91,42
3292,49,16,14
3293,66,27,16
3294,175,80,75
3300,1685,1206,946
3301,226,137,56
3302,67,46,21
3303,47,46,23
3304,481,343,178
3305,1793,1593,1143
3309,17,14,5
3310,62,34,16
3311,399,169,126
3312,220,92,58
3314,91,65,33
3315,347,161,114
3317,41,19,24
3318,241,155,109
3319,82,40,26
3321,162,294,39
3322,42,23,14
3323,26,5,5
3324,108,54,36
3325,115,42,38
3328,170,350,40
3329,41,42,15
3330,38,24,13
3331,516,1079,233
3332,97,181,29
3333,115,116,49
3334,90,79,14
3335,274,1147,244
3337,2930,5564,3138
3338,1737,3513,2163
3340,2209,3236,1580
3341,185,316,33
3342,442,558,179
3345,145,211,29
3350,6923,7217,6854
3351,1172,1322,212
3352,1972,2487,530
3355,1849,1219,1753
3356,1753,2158,2205
3357,519,504,180
3360,157,112,43
3361,137,74,38
3363,371,363,204
3364,373,292,71
3370,331,252,99
3371,200,140,46
3373,444,271,137
3374,73,60,15
3375,42,14,17
3377,1374,1036,818
3378,28,11,10
3379,165,52,58
3380,1013,668,540
3381,189,134,91
3384,117,62,25
3385,97,55,27
3387,78,22,11
3388,120,56,27
3390,184,104,67
3391,40,8,3
3392,136,56,22
3393,527,277,163
3395,83,36,19
3396,174,59,52
3400,1989,1860,1514
3401,707,586,141
3407,83,44,22
3409,229,91,55
3412,75,29,19
3413,36,19,26
3414,376,201,99
3415,14,3,0
3418,545,275,197
3419,183,77,58
3420,66,10,15
3423,111,36,27
3424,188,77,40
3427,305,494,185
3428,84,81,17
3429,3614,5637,2148
3430,39,34,24
3431,490,669,133
3432,31,29,3
3433,25,38,9
3434,511,860,207
3435,380,464,138
3437,1152,1655,527
3438,268,385,89
3440,266,305,60
3441,191,224,45
3442,979,1130,377
3444,1341,1246,619
3446,138,181,45
3447,74,82,13
3448,162,150,27
3450,1290,778,719
3451,788,760,273
3453,268,259,64
3458,336,274,91
3460,488,279,300
3461,742,609,225
3462,222,186,51
3463,559,330,124
3464,178,164,52
3465,1737,1085,997
3467,245,139,89
3468,69,28,16
3469,76,25,16
3472,328,169,74
3475,95,31,25
3477,208,78,37
3478,521,304,208
3480,360,161,126
3482,39,11,10
3483,176,82,48
3485,77,32,18
3487,15,4,9
3488,35,9,5
3489,8,6,7
3490,269,121,85
3491,39,0,8
3494,57,55,85
3496,735,798,455
3498,665,773,285
3500,3429,3558,3904
3501,228,302,77
3505,562,718,274
3506,5,6,0
3507,38,9,9
3509,67,15,10
3512,101,24,23
3515,178,325,84
3516,121,83,35
3517,255,151,91
3518,297,127,55
3520,48,16,11
3521,76,118,23
3522,45,50,8
3523,710,465,210
3525,307,140,92
3527,192,61,48
3529,23,9,0
3530,39,11,8
3531,46,14,9
3533,155,71,43
3537,203,100,66
3540,75,23,9
3542,41,9,7
3544,49,28,14
3546,84,31,35
3549,368,245,365
3550,5191,4239,5868
3551,3097,4973,1231
3555,2542,2501,2198
3556,1551,1660,1539
3557,104,119,41
3558,181,110,61
3559,103,60,33
3561,744,522,306
3562,37,30,16
3563,119,105,60
3564,2073,1906,1612
3565,19,14,5
3566,93,58,27
3567,128,54,64
3568,560,323,224
3570,111,134,20
3571,48,33,15
3572,16,18,12
3573,55,24,23
3575,153,68,66
3576,11,9,15
3579,950,547,451
3580,210,118,68
3581,33,9,10
3583,20,27,8
3584,153,153,74
3585,1317,1164,1085
3586,99,108,30
3588,50,55,15
3589,52,39,14
3590,39,55,12
3591,27,28,3
3594,85,51,18
3595,86,74,34
3596,13,6,0
3597,83,30,32
3599,17,4,18
3607,16,14,6
3608,440,260,191
3610,227,177,87
3612,340,226,100
3614,90,155,38
3616,750,664,412
3617,22,18,5
3618,99,105,42
3620,1170,967,549
3621,276,346,134
3622,65,72,22
3623,163,123,38
3624,89,64,58
3629,1022,1146,1013
3630,3360,3195,4084
3631,1429,1615,581
3633,72,87,20
3634,239,285,82
3635,76,88,33
3636,791,636,411
3637,79,83,35
3638,317,248,142
3639,110,51,32
3640,116,145,65
3641,162,176,86
3646,88,79,32
3647,0,0,0
3649,63,50,31
3658,715,1048,364
3659,123,97,29
3660,1004,825,686
3662,0,0,236
3663,22,18,16
3664,170,138,66
3665,69,41,12
3666,923,532,379
3669,272,153,80
3670,104,87,26
3672,1643,1153,1001
3673,308,216,68
3675,268,307,56
3677,2611,2192,2115
3678,1104,808,232
3682,97,87,23
3683,261,276,66
3685,438,359,191
3687,155,160,51
3688,150,216,53
3690,3383,4045,4523
3694,0,0,0
3695,62,69,21
3697,112,65,23
3698,172,97,61
3699,167,107,112
3700,232,157,99
3701,216,116,67
3704,3,4,3
3705,39,30,12
3708,15,5,8
3709,75,32,20
3711,87,70,22
3712,70,32,31
3713,154,95,97
3714,616,414,242
3715,57,39,10
3717,513,301,176
3718,16,6,4
3719,88,43,16
3720,114,71,26
3722,767,565,464
3723,534,320,161
3725,87,88,32
3726,82,51,14
3727,60,32,10
3728,116,74,39
3730,1296,914,692
3732,99,92,27
3733,49,19,23
3735,122,52,46
3737,757,496,380
3738,27,37,21
3739,37,21,20
3740,160,126,93
3741,517,280,280
3744,83,62,21
3746,66,58,13
3747,749,515,311
3749,284,246,113
3750,300,1743,501
3751,46,17,22
3752,1507,4139,1523
3753,133,439,89
3754,1730,7025,2880
3755,42,32,21
3756,765,2132,698
3757,996,1398,397
3758,192,403,47
3759,139,166,23
3760,48,58,17
3761,140,209,26
3762,16,21,7
3763,164,311,48
3764,983,1285,694
3765,755,1100,253
3766,155,258,41
3767,174,219,42
3770,362,509,130
3775,508,604,186
3777,1415,1641,700
3778,33,27,9
3779,86,38,31
3781,353,908,170
3782,945,1359,233
3783,224,402,83
3786,182,282,41
3787,136,184,34
3788,225,305,89
3789,44,41,3
3791,193,271,49
3792,122,175,35
3793,456,532,210
3795,159,156,46
3796,966,1803,338
3797,414,538,190
3799,783,948,393
3802,2788,3359,1358
3803,985,1409,833
3804,843,1184,100
3805,3836,9145,3226
3806,4378,7445,3375
3807,677,1150,314
3808,354,465,43
3809,313,1408,624
3810,3062,7369,4961
3812,258,345,119
3813,111,122,44
3814,269,330,93
3815,329,457,120
3816,296,428,183
3818,1744,1883,1058
3820,1982,2047,1238
3821,420,416,105
3822,129,135,36
3823,293,275,116
3824,688,694,357
3825,3054,2504,1994
3831,245,254,69
3832,45,23,19
3833,75,36,7
3835,74,63,20
3840,2363,1870,1587
3842,611,534,497
3844,3454,4088,2256
3847,308,334,144
3850,1822,1714,1668
3851,880,668,251
3852,5,3,0
3854,198,215,48
3856,111,202,28
3857,55,56,13
3858,457,385,231
3859,115,106,71
3860,1070,958,540
3862,470,487,163
3864,30,37,13
3865,77,69,11
3869,237,231,74
3870,244,179,58
3871,460,395,122
3873,52,42,15
3874,130,62,32
3875,2695,2119,1732
3878,213,129,76
3880,856,358,376
3882,191,147,35
3885,334,259,103
3886,71,44,20
3887,47,37,35
3888,704,307,256
3889,40,16,5
3890,76,17,33
3891,37,6,0
3892,255,115,86
3893,0,4,0
3895,54,16,14
3896,82,35,25
3898,125,87,129
3900,32,13,9
3902,63,46,11
3903,132,90,54
3904,313,158,100
3909,1334,780,697
3910,2178,4000,1396
3911,374,578,168
3912,1572,2488,896
3913,375,591,163
3915,1132,1124,1435
3916,172,94,53
3918,439,641,161
3919,332,540,275
3921,35,10,4
3922,1283,858,785
3923,135,56,28
3925,546,433,299
3926,566,397,165
3927,309,196,97
3928,81,41,22
3929,205,71,61
3930,2484,2603,516
3931,2941,2750,1449
3933,137,142,30
3934,2455,2794,948
3936,1747,1279,1112
3937,273,180,65
3938,562,323,205
3939,2364,1708,1414
3940,835,360,686
3941,1840,1578,1160
3942,548,216,175
3943,456,130,94
3944,129,34,17
3945,168,153,54
3946,34,20,14
3950,685,625,406
3951,177,119,43
3953,1172,917,568
3954,65,62,13
3956,515,350,181
3957,42,41,14
3958,44,32,16
3959,213,136,58
3960,525,227,208
3962,172,124,76
3964,32,21,4
3965,60,20,10
3966,97,65,33
3967,27,11,14
3971,752,425,368
3975,519,2773,650
3976,1569,3641,1937
3977,5515,16365,6107
3978,392,2043,772
3979,48,44,10
3980,336,612,145
3981,468,766,303
3984,844,709,473
3987,156,273,56
3988,157,137,51
3990,22,14,3
3991,59,51,28
3992,143,154,71
3995,1666,1107,1119
3996,1089,516,542
4000,213,209,539
4005,573,521,464
4006,140,202,403
4007,873,834,592
4008,32,32,42
4009,0,0,0
4010,80,134,153
4011,1278,1391,895
4012,1604,2208,1572
4013,348,514,500
4014,1152,1768,1039
4017,3925,5199,2827
4018,1146,1690,1602
4019,1977,2190,2134
4020,2232,2065,2155
4021,1144,1069,1229
4022,572,569,946
4025,31,9,21
4030,994,1369,1109
4031,960,1552,1133
4032,1316,1204,1584
4034,5097,5270,4409
4035,2967,3566,1192
4036,617,1006,583
4037,624,1441,303
4051,2255,2881,2274
4053,4615,5723,4211
4054,1490,1956,1295
4055,2074,3174,1177
4059,628,920,1029
4060,1210,1567,661
4061,2228,2406,859
4064,791,914,1085
4065,1047,1218,618
4066,838,890,772
4067,557,319,550
4068,1892,1546,1403
4069,4542,4612,1523
4070,1078,1916,668
4073,972,1386,552
4074,2858,3542,1592
4075,2342,2850,1910
4076,435,452,687
4077,1885,2534,4301
4078,1739,3666,2713
4101,866,730,1000
4102,367,376,527
4103,877,1177,1341
4104,537,571,522
4105,1101,1509,1193
4106,119,162,207
4107,580,892,600
4108,506,511,804
4109,4423,3122,3349
4110,714,1223,1393
4111,90,91,42
4112,734,986,593
4113,2737,3072,3044
4114,1631,1958,4504
4115,1556,2920,1411
4116,2034,3463,2156
4117,55,193,141
4118,2028,4258,2981
4119,448,915,589
4120,438,679,699
4121,2455,3329,1915
4122,4525,4897,3677
4123,1755,2886,1374
4124,1247,3158,1336
4125,1043,879,311
4127,2243,3387,2807
4128,1325,2681,961
4129,417,982,557
4130,775,1428,347
4131,498,904,1485
4132,990,2531,3355
4133,1281,1942,2080
4151,1032,1358,1007
4152,5130,5560,4070
4153,498,651,274
4154,723,1756,745
4155,195,173,31
4156,348,469,93
4157,2025,2886,1593
4158,369,524,455
4159,1602,1973,1001
4160,2112,2528,1226
4161,1523,2689,1232
4163,1915,1444,1463
4164,1293,2204,1016
4165,3434,5380,2731
4169,397,564,703
4170,1701,2941,2423
4171,1157,1646,1097
4172,310,601,476
4173,899,1227,769
4174,184,417,206
4178,2431,3125,2683
4179,2099,2617,1719
4183,338,162,273
4184,1339,784,984
4205,747,570,570
4207,4451,6586,6520
4208,1216,2787,1868
4209,1406,5092,7760
4210,1179,3302,1534
4211,4539,8617,5705
4212,2901,3651,1996
4213,2567,4517,1680
4214,3488,4657,3606
4215,2768,3161,5402
4216,4273,3359,3469
4217,2315,2206,1665
4218,2744,2646,2222
4220,3200,3454,2173
4221,2808,3110,1863
4223,1644,1735,986
4224,553,753,504
4225,299,211,263
4226,3216,3569,3408
4227,1381,2800,2306
4228,562,769,159
4230,119,69,159
4270,286,740,151
4271,376,461,213
4272,743,613,258
4275,324,516,235
4280,1078,2882,828
4285,1822,2658,1821
4287,108,70,60
4300,2531,7151,7067
4301,1243,2780,4123
4303,245,297,611
4304,1610,1832,2478
4305,5491,6931,8544
4306,3582,5462,2019
4307,178,199,124
4309,474,371,175
4310,929,671,425
4311,1075,1313,955
4312,454,313,219
4313,392,261,222
4340,644,607,547
4341,1482,2073,1161
4342,297,306,208
4343,1145,985,1071
4344,270,348,181
4345,0,0,17
4346,99,131,70
4347,177,153,58
4350,11715,11535,12999
4352,3141,4340,1425
4353,52,40,11
4354,164,167,82
4355,482,268,243
4356,642,550,429
4357,367,238,222
4358,236,338,141
4359,145,182,80
4360,93,84,42
4361,423,283,232
4362,402,286,166
4363,73,80,41
4364,27,10,30
4365,89,57,28
4370,2466,1979,2113
4371,136,93,39
4372,34,18,7
4373,170,89,82
4374,71,51,17
4376,44,39,30
4378,81,57,39
4381,84,75,51
4382,74,38,49
4384,13,4,4
4387,192,112,142
4388,69,23,46
4390,667,683,687
4400,196,333,114
4401,635,574,567
4402,66,32,26
4403,106,73,78
4404,70,47,49
4405,1387,1578,1704
4406,199,102,152
4407,72,41,59
4408,101,75,48
4410,194,105,107
4411,34,20,33
4412,21,24,27
4413,769,659,967
4415,218,130,293
4416,50,32,60
4417,92,61,84
4418,16,5,21
4419,119,32,121
4420,184,86,122
4421,384,177,204
4422,74,31,57
4423,21,19,19
4424,41,15,21
4425,34,18,29
4426,39,9,3
4427,49,28,36
4428,112,67,49
4454,100,54,82
4455,786,864,1110
4461,10,9,8
4462,26,12,5
4465,204,115,105
4467,30,18,14
4468,47,24,30
4470,422,377,408
4472,246,122,171
4474,19,3,7
4475,0,0,0
4477,85,32,42
4478,76,37,56
4479,0,0,0
4480,88,69,89
4481,15,11,18
4482,7,4,29
4486,86,54,82
4487,305,294,378
4488,46,21,26
4489,15,6,11
4490,249,97,190
4491,20,12,8
4492,31,26,36
4493,4,0,0
4494,23,7,26
4496,33,15,43
4497,52,14,36
4498,9,18,36
4500,3378,6403,3716
4501,468,773,719
4502,731,1420,677
4503,2953,5675,5915
4504,1041,3074,1348
4505,2403,2896,1512
4506,1484,2447,2930
4507,3634,1492,1971
4508,1562,2181,2462
4509,1314,3726,4036
4510,3744,5030,6603
4511,1251,1042,803
4512,341,519,141
4514,723,932,396
4515,539,465,375
4516,343,645,121
4517,101,116,34
4518,625,750,292
4519,866,1109,805
4520,1527,2098,353
4521,495,792,180
4550,453,606,333
4551,6595,5952,5067
4552,1709,913,631
4553,565,962,303
4554,203,294,96
4555,777,999,435
4556,4757,5234,3819
4557,1370,1859,1520
4558,1650,1432,1992
4559,704,860,320
4560,3849,4187,2541
4561,774,1079,375
4562,1016,1197,395
4563,1290,1112,502
4564,1063,1197,1104
4565,2079,1703,1334
4566,1370,733,857
4567,1454,1161,1010
4568,498,543,199
4569,208,271,107
4570,5739,5130,3842
4571,135,105,46
4572,256,257,182
4573,2602,3071,2771
4574,211,161,105
4575,2888,2451,2339
4580,960,391,574
4581,228,74,200
4600,168,108,61
4601,186,108,113
4605,511,339,643
4606,385,254,238
4608,148,97,69
4610,1924,1558,1587
4611,15,21,4
4612,49,30,17
4613,180,70,67
4614,217,110,113
4615,1118,791,617
4620,98,40,13
4621,368,172,121
4625,370,258,288
4626,303,175,205
4627,113,60,71
4630,419,210,230
4650,5037,3616,3168
4655,8718,5656,6607
4659,921,450,390
4660,1321,716,580
4662,107,72,53
4670,10408,8503,8150
4671,951,719,412
4673,113,78,42
4674,292,165,82
4676,33,15,10
4677,464,468,275
4678,159,131,48
4680,3805,7058,5897
4694,17,16,33
4695,152,149,81
4697,20,22,14
4699,60,56,26
4700,1750,1912,1840
4701,4419,5379,4596
4702,2870,3202,2702
4703,2410,2692,1903
4704,21,25,5
4705,45,14,53
4706,18,9,3
4707,51,24,28
4709,0,0,280
4710,564,467,607
4711,194,314,28
4712,41,13,34
4713,0,0,238
4714,542,294,284
4715,681,791,740
4716,132,103,73
4717,153,288,946
4718,220,169,346
4719,149,67,133
4720,632,1644,1694
4721,348,289,401
4722,165,100,109
4723,112,144,148
4724,102,34,63
4725,243,131,158
4726,76,26,45
4727,29,34,20
4728,27,12,21
4730,337,297,456
4731,43,7,26
4732,17,15,10
4733,30,15,10
4735,150,75,109
4736,10,4,12
4737,882,1004,661
4738,158,148,67
4739,66,29,32
4740,7288,9825,9022
4741,935,884,384
4742,73,67,135
4743,8,7,148
4744,205,320,1920
4745,132,95,540
4746,22,9,482
4750,372,812,605
4751,470,666,310
4753,284,727,284
4754,201,276,194
4756,99,70,44
4757,59,36,21
4798,122,57,62
4799,145,122,55
4800,1056,1189,741
4802,479,974,1107
4803,8,0,16
4804,283,155,179
4805,1196,941,1340
4806,630,368,344
4807,1545,1120,892
4808,175,126,107
4809,142,127,86
4810,1572,1746,2436
4811,1035,1602,1273
4812,1742,2156,2827
4814,3677,5067,5677
4815,1395,2729,2544
4816,1079,883,849
4817,2258,4072,3487
4818,1444,4225,3213
4819,352,234,319
4820,1289,1095,1040
4821,193,100,164
4822,99,70,118
4823,115,42,111
4824,175,141,354
4828,10,3,29
4829,36,7,86
4830,8,0,254
4849,220,83,145
4850,2012,952,879
4852,469,386,376
4854,710,556,504
4855,135,73,53
4856,121,68,50
4858,222,167,107
4859,73,59,39
4860,1427,887,1111
4861,239,141,169
4865,771,1139,676
4868,1856,2647,2156
4869,1081,2429,1968
4870,4831,6653,6318
4871,1301,771,1024
4872,624,330,317
4873,773,708,610
4874,98,335,979
4875,103,28,1519
4876,6,3,591
4877,433,454,599
4878,1155,1780,1533
4879,1658,2453,1883
4880,1622,1112,1217
4881,582,605,331
4882,453,317,170
4883,1147,725,970
4884,334,192,148
4885,645,432,301
4886,168,84,73
4887,348,203,155
4888,452,283,258
4890,52,38,242
4891,70,31,55
4892,51,15,1150
4895,364,240,619
5000,518,474,1234
5006,675,373,814
5007,533,723,1265
5008,1470,1472,1888
5009,627,621,534
5010,365,649,787
5011,1125,1511,1206
5012,807,1154,1541
5013,1004,1315,1264
5014,1432,1758,1397
5015,555,801,743
5016,1064,1348,764
5017,495,630,705
5018,889,840,348
5019,1060,1132,1153
5020,571,387,204
5021,1190,563,440
5022,2165,1766,1034
5023,2076,1745,2071
5024,2300,1414,817
5025,1364,945,651
5031,1061,1051,1437
5032,1618,1384,1033
5033,803,894,1123
5034,1200,1034,539
5035,540,583,540
5037,1196,1222,1252
5038,1674,1815,1676
5039,858,1106,849
5040,382,271,282
5041,1665,1777,638
5042,1243,1161,1285
5043,1966,1970,2728
5044,1666,1356,971
5045,1754,1504,1381
5046,1166,1117,1262
5047,969,1040,1197
5048,2035,1817,1447
5049,1491,1470,598
5050,897,811,283
5051,1808,2485,437
5052,917,1043,278
5061,1389,1071,561
5062,2121,1852,612
5063,1408,1313,1168
5064,1539,1156,491
5065,1621,967,884
5066,1930,1605,533
5067,1193,943,1354
5068,1674,1227,1251
5069,1111,922,718
5070,1891,1379,1523
5072,1823,1509,1026
5073,2284,1708,1151
5074,1734,1316,1346
5075,1612,1315,789
5076,1464,1363,413
5081,1346,943,743
5082,1665,1835,1317
5083,821,947,848
5084,747,830,1497
5085,1426,2651,2560
5086,1516,2189,2033
5087,1205,1361,1360
5088,374,428,417
5089,978,1025,270
5090,1002,992,924
5091,1074,1298,314
5092,2240,2699,1339
5093,1198,1356,672
5094,134,93,98
5095,1493,2825,2220
5096,1589,2137,1023
5097,1761,2213,776
5098,1517,1812,991
5106,0,0,0
5107,1511,2452,1549
5108,3293,5627,4412
5109,2379,3264,1694
5110,699,1314,699
5111,0,0,0
5112,1605,2339,2993
5113,1298,2046,3258
5114,2046,5321,3733
5115,357,1439,1662
5116,954,1322,1225
5117,252,531,69
5118,2058,2865,1661
5120,229,250,69
5121,279,230,78
5125,1925,3274,1655
5126,867,1369,376
5127,991,1301,594
5131,159,153,10
5132,70,56,16
5133,55,57,7
5134,75,43,18
5136,71,63,32
5137,93,73,32
5138,52,38,10
5139,39,37,11
5140,48,96,4
5141,101,101,16
5142,87,75,27
5144,74,55,22
5150,9,5,3
5151,65,50,15
5152,926,1004,244
5153,855,1111,213
5154,515,542,69
5155,515,726,169
5156,110,203,18
5157,418,479,83
5158,2801,4613,1297
5159,4042,5771,1766
5160,0,0,0
5161,1233,1783,826
5162,3564,5822,3373
5163,1342,2300,1494
5164,442,587,963
5165,595,522,903
5166,262,275,240
5167,698,795,505
5168,428,885,656
5169,1388,2589,1805
5170,140,191,95
5171,903,866,347
5172,580,604,203
5173,1022,1971,1358
5174,276,554,228
5201,235,371,107
5202,96,162,46
5203,188,161,106
5204,588,349,233
5210,183,309,81
5211,3015,1570,1617
5212,395,202,213
5213,197,161,102
5214,1623,921,856
5220,15,19,15
5221,64,28,29
5222,123,72,59
5223,541,432,366
5231,152,222,35
5232,74,66,0
5233,208,221,51
5234,166,218,65
5235,374,405,129
5236,45,58,11
5237,58,56,12
5238,764,473,410
5240,81,70,22
5241,273,422,164
5242,205,252,81
5243,116,128,50
5244,515,663,249
5245,433,395,153
5250,385,627,172
5251,1371,2054,1818
5252,497,1280,497
5253,2064,2007,2655
5254,314,409,106
5255,1233,1394,693
5256,247,222,85
5259,165,114,99
5260,297,253,163
5261,62,37,27
5262,56,58,36
5263,16,8,21
5264,201,132,136
5265,69,41,39
5266,91,38,69
5267,276,227,185
5268,456,443,344
5269,48,27,15
5270,91,85,39
5271,993,930,745
5272,149,66,87
5273,26,6,13
5275,445,249,250
5276,215,115,134
5277,420,374,279
5278,86,71,34
5279,84,75,32
5280,1199,937,642
5290,2764,3262,2878
5291,1151,1326,402
5301,115,47,49
5302,137,86,84
5303,35,14,11
5304,138,80,61
5306,18,7,9
5307,103,65,45
5308,27,9,15
5309,24,13,10
5310,15,12,4
5311,71,35,38
5320,138,65,54
5321,67,56,24
5322,186,112,68
5330,514,347,392
5331,59,44,11
5332,74,47,31
5333,836,755,529
5340,192,157,99
5341,954,930,782
5342,154,202,61
5343,569,495,709
5344,122,150,66
5345,509,413,356
5346,59,47,29
5350,39,95,13
5351,640,1031,259
5352,801,667,469
5353,549,576,286
5354,89,23,24
5355,1064,1073,738
5356,108,127,45
5357,82,49,45
5360,134,201,41
5371,129,213,28
5372,154,457,112
5373,512,559,262
5374,282,179,109
5381,96,39,20
5400,69,167,23
5401,84,137,60
5410,44,47,5
5411,43,48,17
5412,232,138,99
5413,158,90,66
5414,21,16,16
5415,42,25,21
5416,30,38,23
5417,239,172,160
5418,25,6,12
5419,51,18,30
5420,12,7,10
5421,28,9,10
5422,363,194,159
5431,185,80,56
5432,28,5,13
5433,221,170,122
5434,57,27,53
5440,28,8,15
5451,125,101,42
5452,70,56,25
5453,684,650,478
5454,73,48,33
5455,9,0,5
5460,107,123,40
5461,413,319,223
5462,69,81,26
5464,110,70,43
5470,33,13,6
5471,21,7,0
5472,35,25,8
5473,129,85,67
5480,149,93,70
5481,139,68,27
5482,112,50,29
5483,75,31,18
5485,104,64,41
5490,37,15,19
5491,327,228,173
5493,19,11,0
5495,137,70,49
5501,708,1398,293
5502,190,255,84
5510,22,3,17
5520,118,56,59
5521,34,15,12
5522,330,97,151
5523,350,209,152
5540,1989,1953,1859
5550,114,101,134
5552,70,33,17
5554,780,635,515
5555,112,51,31
5556,703,408,569
5558,864,539,469
5560,98,45,20
5570,148,50,30
5571,415,152,186
5572,30,19,6
5573,380,198,193
5575,515,235,173
5576,226,118,111
5577,129,58,25
5580,93,38,17
5581,145,54,49
5582,154,67,38
5583,194,75,59
5600,826,894,581
5601,84,75,30
5602,225,133,121
5603,82,57,39
5604,50,29,23
5605,354,173,155
5606,1506,1710,1713
5607,704,655,278
5608,1182,1662,2254
5609,98,258,256
5630,19,21,3
5631,162,109,102
5632,44,16,21
5633,60,23,28
5640,179,129,85
5641,191,87,95
5642,52,17,16
5650,42,4,11
5651,18,4,3
5652,100,62,85
5653,11,3,6
5654,47,17,22
5655,22,7,12
5660,7,3,0
5661,25,7,14
5670,94,55,31
5671,39,10,17
5680,347,207,187
5690,368,292,508
5700,1265,1105,1452
5701,3,0,0
5710,261,337,136
5713,3,0,0
5717,0,0,0
5719,3,0,3
5720,10,0,69
5722,67,46,27
5723,270,118,255
5724,27,5,88
5725,63,260,790
5730,20,4,7
5731,3,5,80
5732,16,5,45
5733,20,0,28
5734,3,0,41
5950,0,0,0
6000,295,293,497
6003,126,138,264
6004,167,143,182
6005,118,135,240
6006,968,1106,821
6007,669,752,757
6008,1627,1304,1252
6009,2225,1396,1239
6010,2290,1621,1057
6011,1279,792,565
6012,1043,847,606
6014,2209,2317,1099
6015,1051,662,273
6016,873,1260,859
6017,295,435,686
6018,4300,5249,3640
6019,2345,2866,2517
6020,3206,2749,1127
6021,2786,2628,1932
6022,760,763,309
6023,2133,2338,645
6024,1842,2176,813
6025,3791,4742,1946
6026,3008,3545,950
6027,4328,6532,2853
6028,1685,4111,1098
6029,402,343,195
6030,2274,6611,3819
6031,559,3485,1021
6032,18,14,26
6033,45,58,17
6034,29,404,124
6035,505,1632,693
6036,485,2754,1563
6037,278,518,194
6038,116,1382,582
6041,234,243,62
6042,10,9,8
6043,44,19,18
6044,222,122,110
6050,1750,1520,1065
6051,793,1308,1518
6052,1152,1529,1028
6053,1474,2254,1550
6054,2198,3033,2059
6055,1267,4310,1105
6056,4082,5817,3800
6057,1820,2836,1100
6058,1292,2083,1129
6059,3438,2929,2053
6060,2535,2823,3197
6061,2688,4755,5880
6062,4454,3990,3018
6063,1157,2226,934
6064,2859,4471,2595
6065,4357,11574,3748
6066,1684,3112,1110
6067,0,0,0
6068,0,0,3
6069,1806,7881,2455
6070,496,643,126
6071,507,583,93
6072,132,128,13
6073,474,450,174
6074,137,160,40
6076,3449,3106,904
6077,274,169,41
6078,103,125,45
6079,8,0,4
6081,549,839,126
6082,349,601,122
6083,422,619,90
6084,641,1524,296
6090,0,0,0
6100,1124,1390,1757
6101,1247,1941,2299
6102,778,960,2288
6103,561,829,1323
6104,1247,1767,1879
6105,1523,1642,1906
6106,0,0,0
6107,3326,5699,4913
6108,2610,3538,1594
6109,994,1675,1030
6110,3165,6769,3215
6111,2580,3745,1594
6112,3443,10420,4510
6121,288,503,91
6122,823,3737,786
6123,147,272,75
6124,132,218,43
6125,382,475,127
6126,41,20,33
6147,1745,2033,1369
6148,2495,2125,1559
6149,2802,2297,995
6150,2016,1195,800
6151,1792,1604,1798
6152,2936,2665,3047
6153,2986,2094,1737
6154,1591,1298,724
6155,4946,7413,2713
6156,2153,2275,1500
6157,1853,1972,1426
6158,1004,903,399
6159,353,316,335
6160,841,793,992
6161,0,0,20
6162,1422,1347,1108
6163,6278,6527,4837
6164,3390,10244,4038
6165,10,7,9
6166,1275,1337,510
6167,1646,4228,2228
6168,2871,2862,2700
6169,3641,5144,3039
6170,421,2485,909
6171,1424,5875,2394
6172,770,2272,1093
6173,507,2171,792
6174,209,698,281
6175,242,679,239
6176,83,279,71
6180,332,986,396
6181,49,89,0
6207,99,170,51
6208,1381,1614,1070
6209,289,240,127
6210,8097,8682,7341
6211,841,1092,448
6213,100,79,49
6214,75,92,42
6215,540,517,264
6218,49,46,45
6220,642,490,418
6221,38,29,22
6223,25,23,17
6224,153,159,88
6225,1263,1237,734
6226,81,145,23
6227,74,127,43
6228,26,9,22
6229,14,9,16
6230,4117,5662,4807
6232,963,1749,924
6233,1742,2995,1361
6236,302,285,99
6237,354,354,107
6239,584,624,275
6240,27,19,7
6243,16,5,0
6244,267,151,131
6251,71,46,28
6252,25,19,15
6253,127,74,49
6254,82,69,55
6255,677,526,300
6256,64,43,32
6258,924,752,627
6260,226,139,149
6262,143,70,56
6271,367,520,252
6275,234,143,111
6280,3141,3372,2963
6281,764,970,617
6282,189,182,79
6284,203,319,177
6285,841,1286,980
6286,80,61,64
6288,80,45,58
6290,340,146,147
6302,615,425,279
6304,328,192,95
6306,184,70,102
6308,272,153,129
6309,62,22,12
6311,98,75,31
6312,568,513,515
6313,39,41,16
6315,331,219,186
6316,56,33,23
6317,441,419,467
6318,80,42,38
6320,82,37,56
6321,86,33,44
6322,53,10,17
6323,185,136,55
6324,487,371,349
6326,76,53,31
6327,42,25,15
6328,55,33,59
6330,4688,4108,3763
6333,970,596,598
6335,101,56,94
6336,60,21,36
6337,57,45,70
6338,107,61,75
6341,56,18,26
6343,37,10,24
6346,94,48,84
6348,120,49,152
6350,54,27,42
6351,17,3,4
6352,37,11,19
6353,126,58,92
6355,73,25,49
6356,22,4,21
6357,18,5,0
6358,19,13,12
6359,55,22,48
6361,18,5,10
6363,27,9,3
6365,97,41,57
6367,63,24,41
6368,13,4,8
6369,120,52,71
6370,84,42,41
6372,21,10,6
6373,24,0,9
6375,163,79,114
6383,195,68,91
6384,5,0,5
6385,4,0,0
6386,23,3,3
6390,182,227,177
6391,154,91,103
6392,92,35,75
6393,24,10,13
6394,98,29,39
6395,251,139,164
6396,41,24,40
6397,19,3,13
6398,121,27,48
6401,933,876,791
6403,21,28,10
6405,53,35,22
6407,126,82,101
6409,61,31,41
6410,165,97,94
6411,20,10,4
6412,12,3,6
6413,15,4,4
6414,10,6,0
6415,335,340,374
6418,130,50,85
6419,17,0,4
6420,25,5,3
6421,31,8,0
6422,10,0,8
6423,34,9,21
6424,15,0,13
6425,21,3,3
6426,123,78,119
6427,0,0,0
6428,8,5,0
6429,80,104,115
6430,1203,3125,2786
6431,6,0,166
6432,417,1000,810
6434,0,0,16
6436,10,0,21
6437,0,0,121
6438,31,21,109
6440,15,17,130
6442,150,346,344
6443,125,39,88
6445,32,8,10
6446,16,0,18
6447,28,8,24
6448,46,31,21
6450,1487,1395,1454
6460,121,65,77
6461,102,38,67
6462,26,7,7
6465,7,4,6
6466,16,0,3
6467,8,3,3
6468,49,11,24
6472,23,19,25
6473,10,0,4
6475,82,30,42
6476,13,0,10
6477,50,16,41
6479,96,39,58
6480,3,3,3
6484,17,0,3
6485,101,34,61
6487,10,0,8
6488,41,11,27
6489,20,5,7
6490,44,15,40
6501,95,172,29
6502,167,154,59
6503,278,255,162
6504,30,14,12
6505,19,11,15
6506,6,9,6
6507,81,48,45
6509,21,4,42
6510,246,205,226
6511,106,49,42
6512,22,10,10
6513,33,12,27
6514,131,36,73
6515,67,18,38
6516,268,200,197
6517,64,41,48
6518,42,18,30
6519,86,36,88
6521,65,32,28
6522,82,34,55
6525,559,395,341
6528,47,51,20
6530,3364,3928,3675
6532,689,879,448
6535,300,140,132
6536,205,137,171
6537,100,44,175
6556,235,374,70
6558,99,137,25
6560,144,225,97
6562,161,220,64
6564,54,61,17
6566,539,490,198
6567,80,70,14
6568,42,22,16
6569,39,34,29
6571,15,4,13
6572,11,3,0
6574,16,3,7
6575,25,5,7
6603,162,115,159
6605,5,0,6
6606,44,6,12
6608,27,7,8
6609,76,74,119
6612,38,9,12
6613,9,0,3
6614,4,0,0
6616,12,7,3
6620,46,24,43
6623,95,43,85
6625,10,0,12
6627,12,0,14
6628,3,0,0
6630,65,24,92
6631,10,3,0
6632,12,0,3
6635,10,8,44
6638,45,24,56
6639,26,4,15
6640,22,5,32
6642,39,15,119
6646,12,5,84
6701,444,385,771
6705,6,3,43
6707,186,276,415
6710,28,25,188
6713,58,111,142
6714,224,734,3664
6716,3,0,215
6718,18,16,146
6720,24,39,696
6721,92,99,820
6722,152,307,2078
6725,349,702,1729
6726,226,471,799
6728,136,150,1191
6740,42,30,242
6743,160,286,1060
6751,57,22,863
6753,62,35,1169
6754,13,4,392
6758,6,0,26
6760,20,3,82
6765,4,4,302
6770,32,6,515
7000,1485,1367,1225
7001,0,0,0
7004,855,737,621
7005,1800,1095,1076
7007,439,419,224
7008,1484,1545,973
7009,1417,1557,1551
7010,1865,1946,1756
7011,1593,1990,1353
7012,113,139,27
7015,1593,1420,865
7016,214,359,277
7017,630,1012,197
7018,3269,2833,2039
7019,453,822,932
7020,331,435,58
7021,338,407,137
7022,146,143,56
7023,62,53,23
7024,72,97,20
7025,278,249,89
7026,113,155,58
7027,55,49,11
7030,1543,2298,1730
7050,1601,1671,1326
7052,1011,968,517
7053,583,471,197
7054,1109,1378,447
7055,44,75,32
7109,1282,1334,551
7112,539,379,220
7113,154,157,51
7116,399,296,149
7117,174,106,65
7119,5,9,0
7120,349,191,158
7140,1513,1501,1003
7150,512,420,122
7155,142,113,51
7162,122,76,31
7163,72,57,9
7170,666,872,125
7171,382,563,308
7172,486,511,314
7173,825,1184,471
7174,29,28,4
7175,31,17,15
7176,26,29,0
7177,80,45,31
7178,59,35,13
7179,98,45,26
7180,31,14,5
7182,63,20,17
7183,8,8,0
7184,140,98,54
7185,27,7,14
7186,51,12,7
7187,32,9,6
7190,662,310,297
7209,92,36,38
7210,183,97,128
7211,40,25,25
7212,291,228,140
7213,55,21,30
7214,130,55,39
7215,704,359,266
7216,689,299,369
7248,1497,1547,2476
7249,1440,1659,1374
7250,6114,6063,4265
7252,495,393,111
7253,652,494,624
7254,89,69,18
7255,162,74,123
7256,264,144,199
7257,7,0,21
7258,154,109,25
7259,78,66,15
7260,541,352,305
7261,46,31,7
7262,291,193,159
7263,105,54,54
7264,144,61,55
7265,43,21,31
7267,106,145,20
7268,170,151,53
7270,771,514,305
7275,521,447,182
7276,82,94,26
7277,885,816,233
7290,250,392,144
7291,82,89,22
7292,81,81,43
7300,458,567,233
7301,652,496,387
7302,209,221,153
7303,459,347,242
7304,1044,622,534
7305,196,160,75
7306,668,502,248
7307,1559,1225,922
7310,3724,3243,3220
7315,2316,1820,1448
7316,885,833,423
7320,1990,2090,2162
7321,719,628,265
7322,584,475,415
7325,1346,1090,899
7330,788,824,683
7331,92,60,59
7466,4,3,0
7467,374,172,186
7468,100,75,94
7469,128,83,88
7470,114,54,132
0800,5,5,19
0810,1835,2866,2958
0812,1161,2153,1743
0820,848,1124,1803
0822,613,816,3182
0828,50,53,120
0829,19,7,4
0830,540,2124,2135
0832,246,1796,2140
0834,154,262,105
0835,292,461,151
0836,432,1356,361
0837,31,45,35
0838,56,120,41
0839,5,6,48
0840,108,48,19
0841,63,129,35
0845,37,39,75
0846,34,19,42
0847,24,11,51
0850,276,612,929
0852,96,75,1009
0853,0,0,175
0854,16,4,113
0860,107,128,405
0862,8,0,119
0870,944,2208,2518
0873,123,180,255
0874,12,20,87
0875,82,296,314
0880,32,13,1000
0885,0,0,231
0886,0,0,251
2600,997,562,450
2601,0,0,0
2602,3025,2990,3225
2603,953,712,542
2604,558,648,745
2605,1515,1190,771
2606,914,778,1039
2607,1929,1575,1154
2609,120,14,96
2612,916,603,911
2614,2636,2222,1722
2615,4362,7294,3588
2617,2996,3012,2614
2900,195,101,198
2902,1923,2154,1139
2903,1175,1341,734
2904,1720,1954,763
2905,2563,4797,2343
2906,1325,3193,1214
2911,123,798,415
2912,243,595,774
2913,2439,5717,3015
2914,894,4104,2066
2899,277,234,213
6798,87,53,160
6799,12,3,91
0872,91,13,2382
2406,83,54,129
2540,7301,4713,3661
2611,3291,4019,1958
2618,191,167,87
2620,3556,4958,3001
3644,1340,960,796
3691,1010,1358,569
3707,307,177,184
4375,39,29,20
4377,87,71,37
4380,1287,790,725
4383,111,68,61
4385,227,99,126
4825,953,1975,2656
